<?xml version="1.0"?>
<metadata xml:lang="da"><Esri><CreaDate>20180830</CreaDate><CreaTime>14132200</CreaTime><ArcGISFormat>1.0</ArcGISFormat><SyncOnce>TRUE</SyncOnce><ModDate>20191111</ModDate><ModTime>102241</ModTime><scaleRange><minScale>150000000</minScale><maxScale>5000</maxScale></scaleRange><ArcGISProfile>ItemDescription</ArcGISProfile></Esri><toolbox name="TransferMikeUrbanProjectSettings" alias="Transfer Mike Urban Project Settings"><arcToolboxHelpPath>c:\program files (x86)\arcgis\desktop10.3\Help\gp</arcToolboxHelpPath><toolsets/></toolbox><dataIdInfo><idCitation><resTitle>TransferMikeUrbanProjectSettings</resTitle></idCitation><idPurp>Transfer Mike Urban tables from one database to another (overwrites existing table in 2nd Mike Urban Database).</idPurp><idCredit>Made by Emil Nielsen
E-mail: enielsen93@hotmail.com</idCredit><searchKeys><keyword>mikeurban</keyword></searchKeys></dataIdInfo><distInfo><distributor><distorFormat><formatName>ArcToolbox Toolbox</formatName></distorFormat></distributor></distInfo><mdHrLv><ScopeCd value="005"></ScopeCd></mdHrLv></metadata>
