<metadata xml:lang="da"><Esri><CreaDate>20190523</CreaDate><CreaTime>14421800</CreaTime><ArcGISFormat>1.0</ArcGISFormat><SyncOnce>TRUE</SyncOnce><ModDate>20191111</ModDate><ModTime>10241600</ModTime><scaleRange><minScale>150000000</minScale><maxScale>5000</maxScale></scaleRange><ArcGISProfile>ItemDescription</ArcGISProfile></Esri><tool name="TransferMikeUrbanSettingsCustom" displayname="Transfer Mike Urban tables" toolboxalias="Transfer Mike Urban Project Settings" xmlns=""><arcToolboxHelpPath>c:\program files (x86)\arcgis\desktop10.3\Help\gp</arcToolboxHelpPath><parameters><param name="reference_database" displayname="Reference Mike Urban database" type="Required" direction="Input" datatype="Workspace" expression="reference_database"><dialogReference>&lt;DIV STYLE="text-align:Left;"&gt;&lt;DIV&gt;&lt;P&gt;&lt;SPAN&gt;Reference Mike Urban database (extension .mdb) to copy tables from. &lt;/SPAN&gt;&lt;/P&gt;&lt;/DIV&gt;&lt;/DIV&gt;</dialogReference></param><param name="database" displayname="Target Mike Urban database" type="Required" direction="Input" datatype="Workspace" expression="database"><dialogReference>&lt;DIV STYLE="text-align:Left;"&gt;&lt;DIV&gt;&lt;P&gt;&lt;SPAN&gt;Target Mike Urban databse (extension .mdb) to copy tables to. Overwrites existing table in database. &lt;/SPAN&gt;&lt;/P&gt;&lt;/DIV&gt;&lt;/DIV&gt;</dialogReference></param><param name="tables" displayname="Transfer LTS result settings as well" type="Optional" direction="Input" datatype="Multiple Value" expression="{msm_Project (Simulations) | msm_BBoundary (Catchment and Network Loads and External Water Levels) | msm_BItem (Boundary Items) | msm_HModA (Time Area A) | msm_CatchCon (Catchment Connections) | msm_LTSJobStart (Job list criteria) | msm_LTSJobStop | msm_LTSRunM (Run time stop criteria - matrix) | msm_LTSResult (Statistics specifications - global) | msm_LTSResultL (Statistics specifications - links) | msm_LTSResultN (Statistics specifications - nodes) | m_Address | m_CFGCExtId | m_CFGCExtRelation | m_CFGCExtSequencer | m_CFGDomainValues | m_CFGNoModelAttribute | m_CFGProcessData | m_CFGSMReport | m_CFGUEnvAttr | m_CFGUEnvInfo | m_CFGUEnvItem | m_CFGVersion | m_Measurement | m_Operator | m_Owner | m_RESStatisticsCommon | m_RESStatisticsIndividual | m_RESStatisticsResult | m_RESStatisticsStorage | ms_2DBoundary | ms_CRS | ms_CRSD | ms_DPPattern | ms_DPPatternD | ms_DPProfile | ms_DPProfileD | ms_DPSchedule | ms_DPSpecDay | ms_LULandUse | ms_Material | ms_Tab | ms_TabD | ms_Topo | ms_TopoD | msa_LinkType | msa_NodeType | msa_SubSystem | msa_System | msm_2DOverland | msm_ADComponent | msm_ADComponentIni | msm_ADDispersion | msm_ADDispersionLocal | msm_ECOLABCoeff | msm_ECOLABCoeffLocal | msm_ECOLABComponent | msm_ECOLABForcing | msm_ECOLABForcingLocal | msm_ECOLABTemplate | msm_Empt | msm_HACDelay | msm_HACMeasure | msm_HACModel | msm_HACParam | msm_HModB | msm_HModC | msm_HModCRC | msm_HModUHM | msm_HParA | msm_HParB | msm_HParC | msm_HParRDII | msm_LAAggrLoad | msm_LIDcontrol | msm_LIDusage | msm_LinkAdv | msm_LossPar | msm_LTSInit | msm_LTSInito | msm_LTSRunS | msm_OnGrade | msm_OnGradeD | msm_Option | msm_PasReg | msm_Project2DParam | msm_RESCatchment | msm_RESLink | msm_RESNode | msm_RESOrifice | msm_RESPump | msm_RESWeir | msm_RS | msm_RSLink | msm_RSNode | msm_RSOrifice | msm_RSPump | msm_RSValve | msm_RSWeir | msm_RTCCondition | msm_RTCConditionD | msm_RTCDevice | msm_RTCDeviceD | msm_RTCFunction | msm_RTCFunctionD | msm_RTCPID | msm_RTCSensor | msm_SRQ | msm_SRQAttachPol | msm_SRQGullyData | msm_ST | msm_STFraction | msm_STInitDepthLocal | msm_STRemovalBasin | msm_STRemovalWeir | msm_SWQLocTreat_Coeff | msm_SWQLocTreat_Node | msm_SWQPollutant | msm_WQProcess | mss_Adjustment | mss_Aquifer | mss_Buildup | mss_CatchModel | mss_Coverage | mss_DWF | mss_DWFD | mss_Evaporation | mss_Groundwater | mss_Hydrograph | mss_HydrographD | mss_Inflow | mss_InflowD | mss_Landuse | mss_LIDcontrol | mss_LIDusage | mss_Loading | mss_Pattern | mss_Pollutant | mss_Project | mss_RDII | mss_RESCatchment | mss_RESLink | mss_RESNode | mss_RESOrifice | mss_RESPump | mss_RESWeir | mss_Rule | mss_RuleD | mss_SnowPack | mss_Tab | mss_TabD | mss_Temperature | mss_Timeseries | mss_TimeseriesD | mss_Transect | mss_TransectD | mss_Treatment | mss_Washoff | mw_CFloCon | mw_CGlobal | mw_CGroup | mw_CGroupC | mw_Control | mw_CPreCon | mw_Curve | mw_CurveD | mw_DemStat | mw_DPPattern | mw_DPPatternD | mw_DPProfile | mw_DPProfileD | mw_DZone | mw_Energy | mw_EPA_Sum | mw_FireFlow | mw_Friction | mw_Global | mw_Loss | mw_MDemand | mw_OnCalcDem | mw_OnCalcFCV | mw_OnDemZone | mw_OnDemZoneD | mw_OnFromDIMS | mw_OnSettings | mw_OnToDIMS | mw_OnWaterAge | mw_PID | mw_PipeRel | mw_Project | mw_PZone | mw_Quality | mw_Reaction | mw_Reliability | mw_RemCapacity | mw_Report | mw_RESInfo | mw_RESJunction | mw_RESLink | mw_RESNode | mw_RESPipe | mw_RESPipeRel | mw_RESPump | mw_RESSusNode | mw_RESSusPipe | mw_RESTank | mw_RESValve | mw_Rule | mw_Source | mw_Time | mw_Water_Src | mw_WH_Boundary | mw_WH_Options | mwa_LinkType | mwa_SubSystem | mwa_System | zs_Group | zs_GroupData | zs_ScenarioManagerData}"><dialogReference>&lt;DIV STYLE="text-align:Left;"&gt;&lt;DIV&gt;&lt;P&gt;&lt;SPAN&gt;Tables to copy from reference database to target database. &lt;/SPAN&gt;&lt;/P&gt;&lt;/DIV&gt;&lt;/DIV&gt;</dialogReference></param></parameters><summary>&lt;DIV STYLE="text-align:Left;"&gt;&lt;P STYLE="font-size:16ptmargin:7 0 7 0;"&gt;&lt;SPAN&gt;Transfer Mike Urban tables from one database to another (overwrites existing table in 2nd Mike Urban Database).&lt;/SPAN&gt;&lt;/P&gt;&lt;/DIV&gt;</summary></tool><dataIdInfo><idCitation><resTitle>Transfer Mike Urban tables</resTitle></idCitation><searchKeys><keyword>mikeurban</keyword></searchKeys><idAbs>&lt;DIV STYLE="text-align:Left;"&gt;&lt;P STYLE="font-size:16ptmargin:7 0 7 0;"&gt;&lt;SPAN&gt;Transfer Mike Urban tables from one database to another (overwrites existing table in 2nd Mike Urban Database).&lt;/SPAN&gt;&lt;/P&gt;&lt;/DIV&gt;</idAbs><idCredit>Made by Emil Nielsen
E-mail: enielsen93@hotmail.com</idCredit></dataIdInfo><distInfo><distributor><distorFormat><formatName>ArcToolbox Tool</formatName></distorFormat></distributor></distInfo><mdHrLv><ScopeCd value="005"/></mdHrLv></metadata>
