<metadata xml:lang="da"><Esri><CreaDate>20190627</CreaDate><CreaTime>08594800</CreaTime><ArcGISFormat>1.0</ArcGISFormat><SyncOnce>TRUE</SyncOnce><ModDate>20191111</ModDate><ModTime>8211000</ModTime><scaleRange><minScale>150000000</minScale><maxScale>5000</maxScale></scaleRange><ArcGISProfile>ItemDescription</ArcGISProfile></Esri><tool name="DisplayMikeUrban" displayname="Display Mike Urban Model" toolboxalias="Display Mike Urban Model" xmlns=""><arcToolboxHelpPath>c:\program files (x86)\arcgis\desktop10.3\Help\gp</arcToolboxHelpPath><parameters><param name="database" displayname="Mike Urban database" type="Required" direction="Input" datatype="Workspace" expression="database"><dialogReference>&lt;DIV STYLE="text-align:Left;"&gt;&lt;P STYLE="font-size:16ptmargin:7 0 7 0;"&gt;&lt;SPAN&gt;&lt;SPAN&gt;The input Mike Urban database with extension .mdb.&lt;/SPAN&gt;&lt;/SPAN&gt;&lt;/P&gt;&lt;DIV&gt;&lt;DIV&gt;&lt;P&gt;&lt;SPAN /&gt;&lt;/P&gt;&lt;/DIV&gt;&lt;/DIV&gt;&lt;/DIV&gt;</dialogReference></param></parameters><summary>&lt;DIV STYLE="text-align:Left;"&gt;&lt;DIV&gt;&lt;DIV&gt;&lt;P&gt;&lt;SPAN&gt;Display Mike Urban model.&lt;/SPAN&gt;&lt;/P&gt;&lt;P&gt;&lt;SPAN&gt;Manholes are labelled with MUID, ground level and bottom level.&lt;/SPAN&gt;&lt;/P&gt;&lt;P&gt;&lt;SPAN&gt;Pipes are labelled with &lt;/SPAN&gt;&lt;SPAN&gt;diameter and slope.&lt;/SPAN&gt;&lt;/P&gt;&lt;P&gt;&lt;SPAN&gt;Catchments are labelled with imperviousness. &lt;/SPAN&gt;&lt;SPAN STYLE="font-style:italic;"&gt;Note: The catchments are a copy of the original, with an imperviousness column (ImpArea). Any changes done to the copy are not done to the original. &lt;/SPAN&gt;&lt;/P&gt;&lt;/DIV&gt;&lt;/DIV&gt;&lt;/DIV&gt;</summary><usage>&lt;DIV STYLE="text-align:Left;"&gt;&lt;DIV&gt;&lt;DIV&gt;&lt;P&gt;&lt;SPAN&gt;Display Mike Urban model.&lt;/SPAN&gt;&lt;/P&gt;&lt;P&gt;&lt;SPAN&gt;Manholes are labelled with MUID, ground level and bottom level.&lt;/SPAN&gt;&lt;/P&gt;&lt;P&gt;&lt;SPAN&gt;Pipes are labelled with &lt;/SPAN&gt;&lt;SPAN&gt;diameter and slope. If pipes are not labelled properly, recompute the links.&lt;/SPAN&gt;&lt;/P&gt;&lt;P&gt;&lt;SPAN&gt;Catchments are labelled with imperviousness. &lt;/SPAN&gt;&lt;SPAN STYLE="font-style:italic;"&gt;Note: The catchments are a copy of the original, with an imperviousness column (ImpArea). Any changes done to the copy are not done to the original.&lt;/SPAN&gt;&lt;/P&gt;&lt;/DIV&gt;&lt;/DIV&gt;&lt;/DIV&gt;</usage></tool><dataIdInfo><idCitation><resTitle>Display Mike Urban Model</resTitle></idCitation><idAbs>&lt;DIV STYLE="text-align:Left;"&gt;&lt;DIV&gt;&lt;DIV&gt;&lt;P&gt;&lt;SPAN&gt;Display Mike Urban model.&lt;/SPAN&gt;&lt;/P&gt;&lt;P&gt;&lt;SPAN&gt;Manholes are labelled with MUID, ground level and bottom level.&lt;/SPAN&gt;&lt;/P&gt;&lt;P&gt;&lt;SPAN&gt;Pipes are labelled with &lt;/SPAN&gt;&lt;SPAN&gt;diameter and slope.&lt;/SPAN&gt;&lt;/P&gt;&lt;P&gt;&lt;SPAN&gt;Catchments are labelled with imperviousness. &lt;/SPAN&gt;&lt;SPAN STYLE="font-style:italic;"&gt;Note: The catchments are a copy of the original, with an imperviousness column (ImpArea). Any changes done to the copy are not done to the original. &lt;/SPAN&gt;&lt;/P&gt;&lt;/DIV&gt;&lt;/DIV&gt;&lt;/DIV&gt;</idAbs><searchKeys><keyword>arcgis</keyword></searchKeys><idCredit>Made by Emil Nielsen
E-mail: enielsen93@hotmail.com</idCredit></dataIdInfo><distInfo><distributor><distorFormat><formatName>ArcToolbox Tool</formatName></distorFormat></distributor></distInfo><mdHrLv><ScopeCd value="005"/></mdHrLv></metadata>
