<metadata xml:lang="da"><Esri><CreaDate>20190702</CreaDate><CreaTime>15210900</CreaTime><ArcGISFormat>1.0</ArcGISFormat><SyncOnce>TRUE</SyncOnce><ModDate>20191111</ModDate><ModTime>8213900</ModTime><scaleRange><minScale>150000000</minScale><maxScale>5000</maxScale></scaleRange><ArcGISProfile>ItemDescription</ArcGISProfile></Esri><tool name="DimensionAnalysis" displayname="Display Mike Urban Model with Q Full" toolboxalias="Display Mike Urban Model" xmlns=""><arcToolboxHelpPath>c:\program files (x86)\arcgis\desktop10.3\Help\gp</arcToolboxHelpPath><parameters><param name="database" displayname="Mike Urban database" type="Required" direction="Input" datatype="Workspace" expression="database"><dialogReference>&lt;DIV STYLE="text-align:Left;"&gt;&lt;P STYLE="font-size:16ptmargin:7 0 7 0;"&gt;&lt;SPAN&gt;&lt;SPAN&gt;The input Mike Urban database with extension .mdb.&lt;/SPAN&gt;&lt;/SPAN&gt;&lt;/P&gt;&lt;/DIV&gt;</dialogReference></param></parameters><summary>&lt;DIV STYLE="text-align:Left;"&gt;&lt;DIV&gt;&lt;DIV&gt;&lt;P&gt;&lt;SPAN&gt;Display Mike Urban model&lt;/SPAN&gt;&lt;SPAN&gt;with Q Full&lt;/SPAN&gt;&lt;SPAN&gt;.&lt;/SPAN&gt;&lt;/P&gt;&lt;P&gt;&lt;SPAN&gt;&lt;SPAN&gt;Manholes are labelled with MUID, ground level and bottom level.&lt;/SPAN&gt;&lt;/SPAN&gt;&lt;/P&gt;&lt;P&gt;&lt;SPAN&gt;Pipes are labelled with diameter and slope&lt;/SPAN&gt;&lt;SPAN&gt;as well as the discharge of the pipe if it's assumed the pipe is filled (using Colebrook-White)&lt;/SPAN&gt;&lt;SPAN&gt;.&lt;/SPAN&gt;&lt;/P&gt;&lt;P&gt;&lt;SPAN&gt;Catchments are labelled with imperviousness&lt;/SPAN&gt;&lt;SPAN&gt;and impervious area&lt;/SPAN&gt;&lt;SPAN&gt;. &lt;/SPAN&gt;&lt;SPAN STYLE="font-style:italic;"&gt;Note: The catchments are a copy of the original, with an imperviousness column (ImpArea). Any changes done to the copy are not done to the original. &lt;/SPAN&gt;&lt;/P&gt;&lt;P&gt;&lt;SPAN /&gt;&lt;/P&gt;&lt;/DIV&gt;&lt;/DIV&gt;&lt;/DIV&gt;</summary></tool><dataIdInfo><idCitation><resTitle>Display Mike Urban Model with Q Full</resTitle></idCitation><idAbs>&lt;DIV STYLE="text-align:Left;"&gt;&lt;DIV&gt;&lt;DIV&gt;&lt;P&gt;&lt;SPAN&gt;Display Mike Urban model&lt;/SPAN&gt;&lt;SPAN&gt;with Q Full&lt;/SPAN&gt;&lt;SPAN&gt;.&lt;/SPAN&gt;&lt;/P&gt;&lt;P&gt;&lt;SPAN&gt;&lt;SPAN&gt;Manholes are labelled with MUID, ground level and bottom level.&lt;/SPAN&gt;&lt;/SPAN&gt;&lt;/P&gt;&lt;P&gt;&lt;SPAN&gt;Pipes are labelled with diameter and slope&lt;/SPAN&gt;&lt;SPAN&gt;as well as the discharge of the pipe if it's assumed the pipe is filled (using Colebrook-White)&lt;/SPAN&gt;&lt;SPAN&gt;.&lt;/SPAN&gt;&lt;/P&gt;&lt;P&gt;&lt;SPAN&gt;Catchments are labelled with imperviousness&lt;/SPAN&gt;&lt;SPAN&gt;and impervious area&lt;/SPAN&gt;&lt;SPAN&gt;. &lt;/SPAN&gt;&lt;SPAN STYLE="font-style:italic;"&gt;Note: The catchments are a copy of the original, with an imperviousness column (ImpArea). Any changes done to the copy are not done to the original. &lt;/SPAN&gt;&lt;/P&gt;&lt;P&gt;&lt;SPAN /&gt;&lt;/P&gt;&lt;/DIV&gt;&lt;/DIV&gt;&lt;/DIV&gt;</idAbs><searchKeys><keyword>arcgis</keyword></searchKeys><idCredit>Made by Emil Nielsen E-mail: enielsen93@hotmail.com</idCredit></dataIdInfo><distInfo><distributor><distorFormat><formatName>ArcToolbox Tool</formatName></distorFormat></distributor></distInfo><mdHrLv><ScopeCd value="005"/></mdHrLv></metadata>
