<?xml version="1.0"?>
<metadata xml:lang="da"><Esri><CreaDate>20190627</CreaDate><CreaTime>08594800</CreaTime><ArcGISFormat>1.0</ArcGISFormat><SyncOnce>TRUE</SyncOnce><ModDate>20191111</ModDate><ModTime>083912</ModTime><scaleRange><minScale>150000000</minScale><maxScale>5000</maxScale></scaleRange><ArcGISProfile>ItemDescription</ArcGISProfile></Esri><toolbox name="DisplayMikeUrbanModel" alias="Display Mike Urban Model"><arcToolboxHelpPath>c:\program files (x86)\arcgis\desktop10.3\Help\gp</arcToolboxHelpPath><toolsets/></toolbox><dataIdInfo><idCitation><resTitle>DisplayMikeUrbanModel</resTitle></idCitation><idPurp>Display Mike Urban Model.</idPurp><idCredit>Made by Emil Nielsen

E-mail: enielsen93@hotmail.com</idCredit><searchKeys><keyword>arcgis</keyword><keyword>mikeurban</keyword></searchKeys></dataIdInfo><distInfo><distributor><distorFormat><formatName>ArcToolbox Toolbox</formatName></distorFormat></distributor></distInfo><mdHrLv><ScopeCd value="005"></ScopeCd></mdHrLv></metadata>
