<metadata xml:lang="da"><Esri><CreaDate>20181017</CreaDate><CreaTime>08513000</CreaTime><ArcGISFormat>1.0</ArcGISFormat><SyncOnce>TRUE</SyncOnce><ModDate>20191111</ModDate><ModTime>10040100</ModTime><scaleRange><minScale>150000000</minScale><maxScale>5000</maxScale></scaleRange><ArcGISProfile>ItemDescription</ArcGISProfile></Esri><toolbox name="RenameMUCatchmentsAndLinks" alias="Rename Mike Urban features"><arcToolboxHelpPath>c:\program files (x86)\arcgis\desktop10.3\Help\gp</arcToolboxHelpPath></toolbox><dataIdInfo><idCitation><resTitle>RenameMUCatchmentsAndLinks</resTitle></idCitation><idPurp>Rename Mike Urban features</idPurp><idCredit>Made by Emil Nielsen
E-mail: enielsen93@hotmail.com</idCredit><searchKeys><keyword>mikeurban</keyword></searchKeys></dataIdInfo><distInfo><distributor><distorFormat><formatName>ArcToolbox Toolbox</formatName></distorFormat></distributor></distInfo><mdHrLv><ScopeCd value="005"></ScopeCd></mdHrLv></metadata>
