<?xml version="1.0" encoding="utf-8"?>
<LandXML xmlns="http://www.landxml.org/schema/LandXML-1.2" xmlns:xsi="http://www.w3.org/2001/XMLSchema-instance" xsi:schemaLocation="http://www.landxml.org/schema/LandXML-1.2 http://www.landxml.org/schema/LandXML-1.2/LandXML-1.2.xsd" version="1.2" date="2018-07-30" time="08:43:06.19" readOnly="false" language="English">
<Units>
<Metric linearUnit="meter" areaUnit="squareMeter" volumeUnit="cubicMeter" angularUnit="grads" latLongAngularUnit="decimal degrees" temperatureUnit="celsius" pressureUnit="milliBars"/>
</Units>
<CoordinateSystem name="UTM32JY" horizontalDatum="Local" verticalDatum="Local" ellipsoidName="WGS 1984" projectedCoordinateSystemName="UTM32" fileLocation="">
</CoordinateSystem>
<Application name="Leica Captivate LandXML Export" manufacturer="Leica Geosystems AG" version="3.00" manufacturerURL="www.leica-geosystems.com">
<Author company="Leica Geosystems AG" companyURL="www.leica-geosystems.com" timeStamp="2018-07-30T08:43:06.19"/>
</Application>
<CgPoints>
<CgPoint name="1" oID="1" role="measured" latitude="56.160971366163196" longitude="9.507241494134489" ellipsoidHeight="60.047157" timeStamp="2018-07-26T13:08:35.58">6224111.330355 531503.769093 19.963482</CgPoint>
<CgPoint name="RTCM-Ref 0033" oID="RTCM-Ref 0033" latitude="56.187879783126505" longitude="9.553650406295926" ellipsoidHeight="83.480047" timeStamp="2018-07-26T13:07:32.44">6227128.361491 534362.060731 43.478265</CgPoint>
</CgPoints>
<Survey>
<SurveyHeader name="lysbro herningvj_0"/>
<Equipment>
<GPSReceiverDetails id="NA" manufacturer="Leica Geosystems AG"/>
</Equipment>
<GPSSetup id="RefStationId-2" antennaHeight="0.000000" stationName="RTCM-Ref 0033">
<GPSPosition pntRef="RTCM-Ref 0033" wgsLatitude="56.187879783126505" wgsLongitude="9.553650406295926" wgsHeight="83.480047">
<TargetPoint name="RTCM-Ref 0033" pntRef="RTCM-Ref 0033" >6227128.361491 534362.060731 43.478265</TargetPoint>
</GPSPosition>
</GPSSetup>
</Survey>
<Survey>
<SurveyHeader name="lysbro herningvj_1"/>
<Equipment>
<GPSReceiverDetails id="GPS_1" manufacturer="Leica Geosystems AG" model="CS20" serialNumber="2402029"/>
</Equipment>
<GPSSetup id="GPSSetupID_4" GPSReceiverDetailsID="GPS_1" antennaHeight="1.800000" stationName="1">
<GPSPosition pntRef="1" wgsLatitude="56.160971366163196" wgsLongitude="9.507241494134489" wgsHeight="60.047157">
<TargetPoint name="1" pntRef="1" >6224111.330355 531503.769093 19.963482</TargetPoint>
<GPSQCInfoLevel2 covarianceXX="0.0001576302" covarianceXY="0.0000175619" covarianceXZ="-0.0000146596" covarianceYY="0.0000914504" covarianceYZ="0.0000552534" covarianceZZ="0.0004445246" RMS="1.000000" startTime="1216638533" stopTime="1216638533"/>
</GPSPosition>
</GPSSetup>
<GPSVector setupID_A="RefStationId-2" setupID_B="GPSSetupID_4" dX="2919.062492" dY="-2432.822303" dZ="-1687.323493">
<TargetPoint name="1" pntRef="1" >6224111.330355 531503.769093 19.963482</TargetPoint>
</GPSVector>
</Survey>
<HexagonLandXML xmlns="http://xml.hexagon.com/schema/HeXML-1.8" xsi:schemaLocation="http://xml.hexagon.com/schema/HeXML-1.8 http://xml.hexagon.com/schema/HeXML-1.8.xsd" xmlns:landxml="http://www.landxml.org/schema/LandXML-1.2" averagingMode="None" averagingMethod="Weighted" averagingPosLimit="0.050000" averagingHgtLimit="0.075000">
<CoordinateSystem name="UTM32JY" type="classic" residualDistributionKind="no distribution">
<Ellipsoid name="WGS 1984" SemiMajorAxis="6378137.000000" ReciprocFlattening="298.257223563000030"/>
<Projection name="UTM32">
<UTMProjection hemisphere="north" zoneNumber="32"/>
</Projection>
<GeoidModel name="DVR90_2013" geodeticDatumKind="WGS84" coordinateSystemKind="ellipsoidal"><landxml:DocFileRef name="DVR90_2013.GEM" location="-"/>
</GeoidModel>
</CoordinateSystem>
<Point uniqueID="1" class="measured" subclass="GPS phase" averageUsage="true" applicationNumber="1">
<Coordinates originalCoordSysKind="Ellipsoidal" originalGeodeticDatumKind="WGS84" originalHeightKind="ellipsoidal">
<WGS84>
<Cartesian x="3511105.360392" y="588013.729597" z="5274493.685507"/>
<Geodetic lat="56.160971366163196" lon="9.507241494134489" hghtE="60.047157" hghthO="19.963482"/>
</WGS84>
<Local>
<Cartesian x="3511105.360392" y="588013.729597" z="5274493.685507"/>
<Geodetic lat="56.160971366163196" lon="9.507241494134489" hghtE="60.047157" hghthO="19.963482"/>
<Grid e="531503.769093" n="6224111.330355" hghtE="60.047157" hghthO="19.963482"/>
</Local>
</Coordinates>
<PointQuality Qxx="0.0001576302" Qxy="0.0000175619" Qxz="-0.0000146596" Qyy="0.0000914504" Qyz="0.0000552534" Qzz="0.0004445246" MeanError="1.000000" CQ3D="0.026336" CQPos="0.015782" CQHeight="0.021084"/>
</Point>
<Point uniqueID="RTCM-Ref 0033" class="reference" subclass="positionAndHeight">
<Coordinates originalCoordSysKind="Ellipsoidal" originalGeodeticDatumKind="WGS84" originalHeightKind="ellipsoidal">
<WGS84>
<Cartesian x="3508186.297900" y="590446.551900" z="5276181.009000"/>
<Geodetic lat="56.187879783126505" lon="9.553650406295926" hghtE="83.480047" hghthO="43.478265"/>
</WGS84>
<Local>
<Cartesian x="3508186.297900" y="590446.551900" z="5276181.009000"/>
<Geodetic lat="56.187879783126505" lon="9.553650406295928" hghtE="83.480047" hghthO="43.478265"/>
<Grid e="534362.060731" n="6227128.361491" hghtE="83.480047" hghthO="43.478265"/>
</Local>
</Coordinates>
<PointQuality MeanError="0.000000"/>
</Point>
<Survey name="lysbro herningvj_1" SurveyDuration="P0Y0M0DT0H1M3S">
<GPSSetup uniqueID="GPSSetupID_4">
<GPSPosition targetPntRef="1">
<GPSQuality HDOP="0.800000" GDOP="2.267157" PDOP="1.700000" VDOP="1.500000" TDOP="1.500000"/>
<SatelliteInfo GPSSatTracked="6" GPSSatUsed="6" GALILEOSatTracked="0" GALILEOSatUsed="0" GLONASSSatTracked="6" GLONASSSatUsed="6" BEIDOUSatTracked="0" BEIDOUSatUsed="0"/>
<RTKInfo referenceRef="RTCM-Ref 0033" networkSolution="true" networkType="MAC" dataFormat="RTCM v3" ipAddress="dk.nrtk.eu" port="10300" mountpoint="10301" insideRTKNetwork="Inside" GPUID="" numRefStationUsed="6" numRTKPositionUsed="0"/>
</GPSPosition>
</GPSSetup>
</Survey>
<Codelist codelistName="Silkeborg Forsyn">
  <CodeGroup codeGroupName="Vandforsyning" activatedOnInstrument="true">
    <Code codeName="7000" codeDesc="Vandledning (joker)" codeType="Point">
        <PointCode lineStyle="Solid" lineColor="0x000000" lineWidth="0" codeLinework="none">
        </PointCode>
    </Code>
    <Code codeName="7010" codeDesc="Råvandsledning" codeType="Point">
        <PointCode lineStyle="Solid" lineColor="0x000000" lineWidth="0" codeLinework="none">
        </PointCode>
    </Code>
    <Code codeName="7020" codeDesc="Hovedledning" codeType="Point">
        <PointCode lineStyle="Solid" lineColor="0x000000" lineWidth="0" codeLinework="none">
        </PointCode>
    </Code>
    <Code codeName="7030" codeDesc="Stikledning" codeType="Point">
        <PointCode lineStyle="Solid" lineColor="0x000000" lineWidth="0" codeLinework="none">
        </PointCode>
    </Code>
    <Code codeName="7040" codeDesc="Jordledning" codeType="Point">
        <PointCode lineStyle="Solid" lineColor="0x000000" lineWidth="0" codeLinework="none">
        </PointCode>
    </Code>
    <Code codeName="7050" codeDesc="Forsyningsledning" codeType="Point">
        <PointCode lineStyle="Solid" lineColor="0x000000" lineWidth="0" codeLinework="none">
        </PointCode>
    </Code>
    <Code codeName="7060" codeDesc="Sprinklerstikledning" codeType="Point">
        <PointCode lineStyle="Solid" lineColor="0x000000" lineWidth="0" codeLinework="none">
        </PointCode>
    </Code>
    <Code codeName="7080" codeDesc="Eksisterende ledning" codeType="Point">
        <PointCode lineStyle="Solid" lineColor="0x000000" lineWidth="0" codeLinework="none">
        </PointCode>
    </Code>
    <Code codeName="7090" codeDesc="Ledning ude af drift" codeType="Point">
        <PointCode lineStyle="Solid" lineColor="0x000000" lineWidth="0" codeLinework="none">
        </PointCode>
    </Code>
    <Code codeName="7100" codeDesc="Punkt på rør" codeType="Point">
        <PointCode lineStyle="Solid" lineColor="0x000000" lineWidth="0" codeLinework="none">
        </PointCode>
    </Code>
    <Code codeName="7120" codeDesc="Muffe" codeType="Point">
        <PointCode lineStyle="Solid" lineColor="0x000000" lineWidth="0" codeLinework="none">
        </PointCode>
    </Code>
    <Code codeName="7130" codeDesc="Slutmuffe" codeType="Point">
        <PointCode lineStyle="Solid" lineColor="0x000000" lineWidth="0" codeLinework="none">
        </PointCode>
    </Code>
    <Code codeName="7140" codeDesc="Dim. Skifte/reduktion" codeType="Point">
        <PointCode lineStyle="Solid" lineColor="0x000000" lineWidth="0" codeLinework="none">
        </PointCode>
    </Code>
    <Code codeName="7150" codeDesc="Bøjning" codeType="Point">
        <PointCode lineStyle="Solid" lineColor="0x000000" lineWidth="0" codeLinework="none">
        </PointCode>
    </Code>
    <Code codeName="7160" codeDesc="Afgrening - stik" codeType="Point">
        <PointCode lineStyle="Solid" lineColor="0x000000" lineWidth="0" codeLinework="none">
        </PointCode>
    </Code>
    <Code codeName="7170" codeDesc="Afgrening - TEE" codeType="Point">
        <PointCode lineStyle="Solid" lineColor="0x000000" lineWidth="0" codeLinework="none">
        </PointCode>
    </Code>
    <Code codeName="7180" codeDesc="Gennempresning" codeType="Point">
        <PointCode lineStyle="Solid" lineColor="0x000000" lineWidth="0" codeLinework="none">
        </PointCode>
    </Code>
    <Code codeName="7190" codeDesc="Foringsrør / B-rør" codeType="Point">
        <PointCode lineStyle="Solid" lineColor="0x000000" lineWidth="0" codeLinework="none">
        </PointCode>
    </Code>
    <Code codeName="7200" codeDesc="Komponent (joker)" codeType="Point">
        <PointCode lineStyle="Solid" lineColor="0x000000" lineWidth="0" codeLinework="none">
        </PointCode>
    </Code>
    <Code codeName="7220" codeDesc="Bandagemuffe" codeType="Point">
        <PointCode lineStyle="Solid" lineColor="0x000000" lineWidth="0" codeLinework="none">
        </PointCode>
    </Code>
    <Code codeName="7230" codeDesc="Kobling" codeType="Point">
        <PointCode lineStyle="Solid" lineColor="0x000000" lineWidth="0" codeLinework="none">
        </PointCode>
    </Code>
    <Code codeName="7260" codeDesc="Anboring" codeType="Point">
        <PointCode lineStyle="Solid" lineColor="0x000000" lineWidth="0" codeLinework="none">
        </PointCode>
    </Code>
    <Code codeName="7270" codeDesc="Tracetilslutning" codeType="Point">
        <PointCode lineStyle="Solid" lineColor="0x000000" lineWidth="0" codeLinework="none">
        </PointCode>
    </Code>
    <Code codeName="7300" codeDesc="Ventil (joker)" codeType="Point">
        <PointCode lineStyle="Solid" lineColor="0x000000" lineWidth="0" codeLinework="none">
        </PointCode>
    </Code>
    <Code codeName="7310" codeDesc="Vandmålerbrønd" codeType="Point">
        <PointCode lineStyle="Solid" lineColor="0x000000" lineWidth="0" codeLinework="none">
        </PointCode>
    </Code>
    <Code codeName="7320" codeDesc="Zoneventil" codeType="Point">
        <PointCode lineStyle="Solid" lineColor="0x000000" lineWidth="0" codeLinework="none">
        </PointCode>
    </Code>
    <Code codeName="7330" codeDesc="Skydeventil" codeType="Point">
        <PointCode lineStyle="Solid" lineColor="0x000000" lineWidth="0" codeLinework="none">
        </PointCode>
    </Code>
    <Code codeName="7340" codeDesc="Udskydningsventil" codeType="Point">
        <PointCode lineStyle="Solid" lineColor="0x000000" lineWidth="0" codeLinework="none">
        </PointCode>
    </Code>
    <Code codeName="7350" codeDesc="Stophane" codeType="Point">
        <PointCode lineStyle="Solid" lineColor="0x000000" lineWidth="0" codeLinework="none">
        </PointCode>
    </Code>
    <Code codeName="7360" codeDesc="Inspektionsbrønd" codeType="Point">
        <PointCode lineStyle="Solid" lineColor="0x000000" lineWidth="0" codeLinework="none">
        </PointCode>
    </Code>
    <Code codeName="7380" codeDesc="Brandhane &quot;B&quot;" codeType="Point">
        <PointCode lineStyle="Solid" lineColor="0x000000" lineWidth="0" codeLinework="none">
        </PointCode>
    </Code>
    <Code codeName="7400" codeDesc="Bygværk (joker)" codeType="Point">
        <PointCode lineStyle="Solid" lineColor="0x000000" lineWidth="0" codeLinework="none">
        </PointCode>
    </Code>
    <Code codeName="7410" codeDesc="Trykforøgerstation" codeType="Point">
        <PointCode lineStyle="Solid" lineColor="0x000000" lineWidth="0" codeLinework="none">
        </PointCode>
    </Code>
    <Code codeName="7420" codeDesc="Ventilbrønd" codeType="Point">
        <PointCode lineStyle="Solid" lineColor="0x000000" lineWidth="0" codeLinework="none">
        </PointCode>
    </Code>
    <Code codeName="7440" codeDesc="Indvindingsboring" codeType="Point">
        <PointCode lineStyle="Solid" lineColor="0x000000" lineWidth="0" codeLinework="none">
        </PointCode>
    </Code>
    <Code codeName="7450" codeDesc="Pejleboring" codeType="Point">
        <PointCode lineStyle="Solid" lineColor="0x000000" lineWidth="0" codeLinework="none">
        </PointCode>
    </Code>
    <Code codeName="7470" codeDesc="Rentvandsbeholder" codeType="Point">
        <PointCode lineStyle="Solid" lineColor="0x000000" lineWidth="0" codeLinework="none">
        </PointCode>
    </Code>
    <Code codeName="7480" codeDesc="Højdebeholder" codeType="Point">
        <PointCode lineStyle="Solid" lineColor="0x000000" lineWidth="0" codeLinework="none">
        </PointCode>
    </Code>
    <Code codeName="7500" codeDesc="Teknikskab (joker)" codeType="Point">
        <PointCode lineStyle="Solid" lineColor="0x000000" lineWidth="0" codeLinework="none">
        </PointCode>
    </Code>
    <Code codeName="7560" codeDesc="Styrekabel" codeType="Point">
        <PointCode lineStyle="Solid" lineColor="0x000000" lineWidth="0" codeLinework="none">
        </PointCode>
    </Code>
    <Code codeName="7570" codeDesc="Lavspændingskabel" codeType="Point">
        <PointCode lineStyle="Solid" lineColor="0x000000" lineWidth="0" codeLinework="none">
        </PointCode>
    </Code>
    <Code codeName="7580" codeDesc="El-måler" codeType="Point">
        <PointCode lineStyle="Solid" lineColor="0x000000" lineWidth="0" codeLinework="none">
        </PointCode>
    </Code>
    <Code codeName="7590" codeDesc="Afmærkningsstander" codeType="Point">
        <PointCode lineStyle="Solid" lineColor="0x000000" lineWidth="0" codeLinework="none">
        </PointCode>
    </Code>
  </CodeGroup>
  <CodeGroup codeGroupName="Afløb/Miljø" activatedOnInstrument="false">
    <Code codeName="6020" codeDesc="Hovedledn" codeType="Point">
        <PointCode lineStyle="Solid" lineColor="0x000000" lineWidth="0" codeLinework="none">
        </PointCode>
    </Code>
    <Code codeName="6022" codeDesc="Hovedledn" codeType="Point">
        <PointCode lineStyle="Solid" lineColor="0x000000" lineWidth="0" codeLinework="none">
        </PointCode>
    </Code>
    <Code codeName="6023" codeDesc="Hovedledning" codeType="Point">
        <PointCode lineStyle="Solid" lineColor="0x000000" lineWidth="0" codeLinework="none">
        </PointCode>
    </Code>
    <Code codeName="6024" codeDesc="Hovedledning" codeType="Point">
        <PointCode lineStyle="Solid" lineColor="0x000000" lineWidth="0" codeLinework="none">
        </PointCode>
    </Code>
    <Code codeName="6030" codeDesc="Stikledn" codeType="Point">
        <PointCode lineStyle="Solid" lineColor="0x000000" lineWidth="0" codeLinework="none">
        </PointCode>
    </Code>
    <Code codeName="6032" codeDesc="Stikledn" codeType="Point">
        <PointCode lineStyle="Solid" lineColor="0x000000" lineWidth="0" codeLinework="none">
        </PointCode>
    </Code>
    <Code codeName="6033" codeDesc="Stikledn" codeType="Point">
        <PointCode lineStyle="Solid" lineColor="0x000000" lineWidth="0" codeLinework="none">
        </PointCode>
    </Code>
    <Code codeName="6034" codeDesc="Stikledn" codeType="Point">
        <PointCode lineStyle="Solid" lineColor="0x000000" lineWidth="0" codeLinework="none">
        </PointCode>
    </Code>
    <Code codeName="6050" codeDesc="Trykledning" codeType="Point">
        <PointCode lineStyle="Solid" lineColor="0x000000" lineWidth="0" codeLinework="none">
        </PointCode>
    </Code>
    <Code codeName="6052" codeDesc="Trykledn" codeType="Point">
        <PointCode lineStyle="Solid" lineColor="0x000000" lineWidth="0" codeLinework="none">
        </PointCode>
    </Code>
    <Code codeName="6053" codeDesc="Trykledn" codeType="Point">
        <PointCode lineStyle="Solid" lineColor="0x000000" lineWidth="0" codeLinework="none">
        </PointCode>
    </Code>
    <Code codeName="6070" codeDesc="Vandrende" codeType="Point">
        <PointCode lineStyle="Solid" lineColor="0x000000" lineWidth="0" codeLinework="none">
        </PointCode>
    </Code>
    <Code codeName="6100" codeDesc="Punkt på rør	" codeType="Point">
        <PointCode lineStyle="Solid" lineColor="0x000000" lineWidth="0" codeLinework="none">
        </PointCode>
    </Code>
    <Code codeName="6120" codeDesc="Muffe	" codeType="Point">
        <PointCode lineStyle="Solid" lineColor="0x000000" lineWidth="0" codeLinework="none">
        </PointCode>
    </Code>
    <Code codeName="6130" codeDesc="Slutmuffe	" codeType="Point">
        <PointCode lineStyle="Solid" lineColor="0x000000" lineWidth="0" codeLinework="none">
        </PointCode>
    </Code>
    <Code codeName="6140" codeDesc="Dim. Skifte/reduktion	" codeType="Point">
        <PointCode lineStyle="Solid" lineColor="0x000000" lineWidth="0" codeLinework="none">
        </PointCode>
    </Code>
    <Code codeName="6150" codeDesc="Bøjning	" codeType="Point">
        <PointCode lineStyle="Solid" lineColor="0x000000" lineWidth="0" codeLinework="none">
        </PointCode>
    </Code>
    <Code codeName="6170" codeDesc="Afgrening - TEE	" codeType="Point">
        <PointCode lineStyle="Solid" lineColor="0x000000" lineWidth="0" codeLinework="none">
        </PointCode>
    </Code>
    <Code codeName="6180" codeDesc="Gennempresning	" codeType="Point">
        <PointCode lineStyle="Solid" lineColor="0x000000" lineWidth="0" codeLinework="none">
        </PointCode>
    </Code>
    <Code codeName="6190" codeDesc="Foringsrør / B-rør	" codeType="Point">
        <PointCode lineStyle="Solid" lineColor="0x000000" lineWidth="0" codeLinework="none">
        </PointCode>
    </Code>
    <Code codeName="6260" codeDesc="Stiktilslutning	" codeType="Point">
        <PointCode lineStyle="Solid" lineColor="0x000000" lineWidth="0" codeLinework="none">
        </PointCode>
    </Code>
    <Code codeName="6300" codeDesc="Brønd (joker)	" codeType="Point">
        <PointCode lineStyle="Solid" lineColor="0x000000" lineWidth="0" codeLinework="none">
        </PointCode>
    </Code>
    <Code codeName="6310" codeDesc="Udluftningsbrønd	" codeType="Point">
        <PointCode lineStyle="Solid" lineColor="0x000000" lineWidth="0" codeLinework="none">
        </PointCode>
    </Code>
    <Code codeName="6320" codeDesc="Omløbsbrønd	" codeType="Point">
        <PointCode lineStyle="Solid" lineColor="0x000000" lineWidth="0" codeLinework="none">
        </PointCode>
    </Code>
    <Code codeName="6321" codeDesc="Sandfang nedgangsbr. dæksel 	" codeType="Point">
        <PointCode lineStyle="Solid" lineColor="0x000000" lineWidth="0" codeLinework="none">
        </PointCode>
    </Code>
    <Code codeName="6322" codeDesc="Fælles system	" codeType="Point">
        <PointCode lineStyle="Solid" lineColor="0x000000" lineWidth="0" codeLinework="none">
        </PointCode>
    </Code>
    <Code codeName="6323" codeDesc="Spildevand	" codeType="Point">
        <PointCode lineStyle="Solid" lineColor="0x000000" lineWidth="0" codeLinework="none">
        </PointCode>
    </Code>
    <Code codeName="6324" codeDesc="Regnvand	" codeType="Point">
        <PointCode lineStyle="Solid" lineColor="0x000000" lineWidth="0" codeLinework="none">
        </PointCode>
    </Code>
    <Code codeName="6325" codeDesc="Pumpebrønd	" codeType="Point">
        <PointCode lineStyle="Solid" lineColor="0x000000" lineWidth="0" codeLinework="none">
        </PointCode>
    </Code>
    <Code codeName="6330" codeDesc="Inspektionsbrønd	" codeType="Point">
        <PointCode lineStyle="Solid" lineColor="0x000000" lineWidth="0" codeLinework="none">
        </PointCode>
    </Code>
    <Code codeName="6340" codeDesc="Uspecificeret skelbr.	" codeType="Point">
        <PointCode lineStyle="Solid" lineColor="0x000000" lineWidth="0" codeLinework="none">
        </PointCode>
    </Code>
    <Code codeName="6341" codeDesc="Sandfang skelbr. 	" codeType="Point">
        <PointCode lineStyle="Solid" lineColor="0x000000" lineWidth="0" codeLinework="none">
        </PointCode>
    </Code>
    <Code codeName="6342" codeDesc="Skelbr. Fælles system	" codeType="Point">
        <PointCode lineStyle="Solid" lineColor="0x000000" lineWidth="0" codeLinework="none">
        </PointCode>
    </Code>
    <Code codeName="6343" codeDesc="Skelbr. Spildevand	" codeType="Point">
        <PointCode lineStyle="Solid" lineColor="0x000000" lineWidth="0" codeLinework="none">
        </PointCode>
    </Code>
    <Code codeName="6344" codeDesc="Skelbr. Regnvand	" codeType="Point">
        <PointCode lineStyle="Solid" lineColor="0x000000" lineWidth="0" codeLinework="none">
        </PointCode>
    </Code>
    <Code codeName="6390" codeDesc="Nedløbsrist	" codeType="Point">
        <PointCode lineStyle="Solid" lineColor="0x000000" lineWidth="0" codeLinework="none">
        </PointCode>
    </Code>
    <Code codeName="6410" codeDesc="Pumpestation	" codeType="Point">
        <PointCode lineStyle="Solid" lineColor="0x000000" lineWidth="0" codeLinework="none">
        </PointCode>
    </Code>
    <Code codeName="6420" codeDesc="Overløbsbygværk	" codeType="Point">
        <PointCode lineStyle="Solid" lineColor="0x000000" lineWidth="0" codeLinework="none">
        </PointCode>
    </Code>
    <Code codeName="6430" codeDesc="Kontraktlapbygværk	" codeType="Point">
        <PointCode lineStyle="Solid" lineColor="0x000000" lineWidth="0" codeLinework="none">
        </PointCode>
    </Code>
    <Code codeName="6440" codeDesc="Forsinkelsesbassin	" codeType="Point">
        <PointCode lineStyle="Solid" lineColor="0x000000" lineWidth="0" codeLinework="none">
        </PointCode>
    </Code>
    <Code codeName="6500" codeDesc="Teknikskab	" codeType="Point">
        <PointCode lineStyle="Solid" lineColor="0x000000" lineWidth="0" codeLinework="none">
        </PointCode>
    </Code>
    <Code codeName="6570" codeDesc="Lavspændingskabel	" codeType="Point">
        <PointCode lineStyle="Solid" lineColor="0x000000" lineWidth="0" codeLinework="none">
        </PointCode>
    </Code>
    <Code codeName="6580" codeDesc="El-måler	" codeType="Point">
        <PointCode lineStyle="Solid" lineColor="0x000000" lineWidth="0" codeLinework="none">
        </PointCode>
    </Code>
    <Code codeName="6610" codeDesc="Udluftn.br oppump.	" codeType="Point">
        <PointCode lineStyle="Solid" lineColor="0x000000" lineWidth="0" codeLinework="none">
        </PointCode>
    </Code>
    <Code codeName="6620" codeDesc="Uspecificeret	" codeType="Point">
        <PointCode lineStyle="Solid" lineColor="0x000000" lineWidth="0" codeLinework="none">
        </PointCode>
    </Code>
    <Code codeName="6621" codeDesc="Sandfang nedgangsbr.	" codeType="Point">
        <PointCode lineStyle="Solid" lineColor="0x000000" lineWidth="0" codeLinework="none">
        </PointCode>
    </Code>
    <Code codeName="6622" codeDesc="Fælles system	" codeType="Point">
        <PointCode lineStyle="Solid" lineColor="0x000000" lineWidth="0" codeLinework="none">
        </PointCode>
    </Code>
    <Code codeName="6623" codeDesc="Spildevand	" codeType="Point">
        <PointCode lineStyle="Solid" lineColor="0x000000" lineWidth="0" codeLinework="none">
        </PointCode>
    </Code>
    <Code codeName="6624" codeDesc="regnvand	" codeType="Point">
        <PointCode lineStyle="Solid" lineColor="0x000000" lineWidth="0" codeLinework="none">
        </PointCode>
    </Code>
    <Code codeName="6625" codeDesc="Pumpebrønd	" codeType="Point">
        <PointCode lineStyle="Solid" lineColor="0x000000" lineWidth="0" codeLinework="none">
        </PointCode>
    </Code>
    <Code codeName="6630" codeDesc="Inspektionsbrønd	" codeType="Point">
        <PointCode lineStyle="Solid" lineColor="0x000000" lineWidth="0" codeLinework="none">
        </PointCode>
    </Code>
    <Code codeName="6640" codeDesc="Uspecificeret	" codeType="Point">
        <PointCode lineStyle="Solid" lineColor="0x000000" lineWidth="0" codeLinework="none">
        </PointCode>
    </Code>
    <Code codeName="6641" codeDesc="Sandfang skelbr. 	" codeType="Point">
        <PointCode lineStyle="Solid" lineColor="0x000000" lineWidth="0" codeLinework="none">
        </PointCode>
    </Code>
    <Code codeName="6642" codeDesc="Fælles system	" codeType="Point">
        <PointCode lineStyle="Solid" lineColor="0x000000" lineWidth="0" codeLinework="none">
        </PointCode>
    </Code>
    <Code codeName="6643" codeDesc="Spildevand	" codeType="Point">
        <PointCode lineStyle="Solid" lineColor="0x000000" lineWidth="0" codeLinework="none">
        </PointCode>
    </Code>
    <Code codeName="6644" codeDesc="Regnvand	" codeType="Point">
        <PointCode lineStyle="Solid" lineColor="0x000000" lineWidth="0" codeLinework="none">
        </PointCode>
    </Code>
    <Code codeName="6650" codeDesc="Bassin (terrænkote)	" codeType="Point">
        <PointCode lineStyle="Solid" lineColor="0x000000" lineWidth="0" codeLinework="none">
        </PointCode>
    </Code>
    <Code codeName="6652" codeDesc="Ledn.ende Fls.sys.	" codeType="Point">
        <PointCode lineStyle="Solid" lineColor="0x000000" lineWidth="0" codeLinework="none">
        </PointCode>
    </Code>
    <Code codeName="6653" codeDesc="Ledn.ende Sp.vand	" codeType="Point">
        <PointCode lineStyle="Solid" lineColor="0x000000" lineWidth="0" codeLinework="none">
        </PointCode>
    </Code>
    <Code codeName="6654" codeDesc="Ledn.ende R.vand	" codeType="Point">
        <PointCode lineStyle="Solid" lineColor="0x000000" lineWidth="0" codeLinework="none">
        </PointCode>
    </Code>
    <Code codeName="6660" codeDesc="Rørtilløb	" codeType="Point">
        <PointCode lineStyle="Solid" lineColor="0x000000" lineWidth="0" codeLinework="none">
        </PointCode>
    </Code>
    <Code codeName="6670" codeDesc="Rørafløb	" codeType="Point">
        <PointCode lineStyle="Solid" lineColor="0x000000" lineWidth="0" codeLinework="none">
        </PointCode>
    </Code>
    <Code codeName="6682" codeDesc="Overløbskant (i br.) fælles.	" codeType="Point">
        <PointCode lineStyle="Solid" lineColor="0x000000" lineWidth="0" codeLinework="none">
        </PointCode>
    </Code>
    <Code codeName="6683" codeDesc="Overløbskant (i br.) Sp.	" codeType="Point">
        <PointCode lineStyle="Solid" lineColor="0x000000" lineWidth="0" codeLinework="none">
        </PointCode>
    </Code>
    <Code codeName="6684" codeDesc="Overløbskant (i br.) RV.	" codeType="Point">
        <PointCode lineStyle="Solid" lineColor="0x000000" lineWidth="0" codeLinework="none">
        </PointCode>
    </Code>
    <Code codeName="6690" codeDesc="Nedløbsrist	" codeType="Point">
        <PointCode lineStyle="Solid" lineColor="0x000000" lineWidth="0" codeLinework="none">
        </PointCode>
    </Code>
  </CodeGroup>
</Codelist>
<ApplicationResults>
<ApplicationSurvey ApplicationName="ApplSurvey" ApplicationVersionNumber="3.00.158" ApplicationStartDateTime="2018-07-26T13:07:14.80" ApplicationEndDateTime="2018-07-26T13:07:14.80" ApplicationNumber="1"/>
</ApplicationResults>
</HexagonLandXML>
</LandXML>
