<?xml version="1.0" encoding="ISO-8859-1"?>
<DanDasGrafLog>
  <ImportFilnavn>K:\Hydrauliske modeller\Makroer &amp; Beregningsark\MU2Dandas\LyngsoSeparat_KnuderDandas.xml</ImportFilnavn>
  <ImportTidspunkt>31-jul-2018 11:25:15</ImportTidspunkt>
  <ImportType>Knude</ImportType>
  <Knude Navn="R1">
    <Findes>1000002</Findes>
    <ImportStatus>Opdateres</ImportStatus>
  </Knude>
  <Knude Navn="R10">
    <Findes>1000003</Findes>
    <ImportStatus>Opdateres</ImportStatus>
  </Knude>
  <Knude Navn="R2">
    <Findes>1000004</Findes>
    <ImportStatus>Opdateres</ImportStatus>
  </Knude>
  <Knude Navn="R3">
    <Findes>1000005</Findes>
    <ImportStatus>Opdateres</ImportStatus>
  </Knude>
  <Knude Navn="R4">
    <Findes>1000006</Findes>
    <ImportStatus>Opdateres</ImportStatus>
  </Knude>
  <Knude Navn="R5">
    <Findes>1000007</Findes>
    <ImportStatus>Opdateres</ImportStatus>
  </Knude>
  <Knude Navn="R6">
    <Findes>1000008</Findes>
    <ImportStatus>Opdateres</ImportStatus>
  </Knude>
  <Knude Navn="R7">
    <Findes>1000009</Findes>
    <ImportStatus>Opdateres</ImportStatus>
  </Knude>
  <Knude Navn="R8">
    <Findes>1000010</Findes>
    <ImportStatus>Opdateres</ImportStatus>
  </Knude>
  <Knude Navn="R9">
    <Findes>1000011</Findes>
    <ImportStatus>Opdateres</ImportStatus>
  </Knude>
</DanDasGrafLog>
