<?xml version="1.0" ?>
<KnudeGroup xmlns="http://www.danva.dk/xml/schemas/dandas/20120102">
	<Referencesys>
		<KoordinatsysKode>9</KoordinatsysKode>
		<KotesysKode>1</KotesysKode>
	</Referencesys>
	<Knude Knudenavn="R4">
		<KnudeKode>1</KnudeKode>
		<FormKode>1</FormKode>
		<KategoriAfloebKode>1</KategoriAfloebKode>
		<Bundkote>20.94</Bundkote>
		<Terraenkote>21.370001</Terraenkote>
		<DiameterBredde>1000</DiameterBredde>
		<KnudeKode>1</KnudeKode>
		<XKoordinat>534069.358093262</XKoordinat>
		<YKoordinat>6223667.67590332</YKoordinat>
		<DokKnudeItems/>
		<KnudeGeometriItems/>
		<KnudeVaerdiItems/>
		<TypeAfloebKode>2</TypeAfloebKode>
		<DaekselItems>
			<Daeksel Daekselnr="1">
				<Daekselkote>21.370001</Daekselkote>
				<DiameterBredde>1000</DiameterBredde>
			</Daeksel>
		</DaekselItems>
		<TilsluttetAdresseItems/>
		<Broend>
			<BroendKode>1</BroendKode>
		</Broend>
	</Knude>
	<Knude Knudenavn="R1">
		<KnudeKode>1</KnudeKode>
		<FormKode>1</FormKode>
		<KategoriAfloebKode>1</KategoriAfloebKode>
		<Bundkote>29.77</Bundkote>
		<Terraenkote>30.67</Terraenkote>
		<DiameterBredde>1000</DiameterBredde>
		<KnudeKode>1</KnudeKode>
		<XKoordinat>534101.864074707</XKoordinat>
		<YKoordinat>6223897.88128662</YKoordinat>
		<DokKnudeItems/>
		<KnudeGeometriItems/>
		<KnudeVaerdiItems/>
		<TypeAfloebKode>2</TypeAfloebKode>
		<DaekselItems>
			<Daeksel Daekselnr="1">
				<Daekselkote>30.67</Daekselkote>
				<DiameterBredde>1000</DiameterBredde>
			</Daeksel>
		</DaekselItems>
		<TilsluttetAdresseItems/>
		<Broend>
			<BroendKode>1</BroendKode>
		</Broend>
	</Knude>
	<Knude Knudenavn="R2">
		<KnudeKode>1</KnudeKode>
		<FormKode>1</FormKode>
		<KategoriAfloebKode>1</KategoriAfloebKode>
		<Bundkote>26.309999</Bundkote>
		<Terraenkote>27.209999</Terraenkote>
		<DiameterBredde>1000</DiameterBredde>
		<KnudeKode>1</KnudeKode>
		<XKoordinat>534088.896911621</XKoordinat>
		<YKoordinat>6223801.96508789</YKoordinat>
		<DokKnudeItems/>
		<KnudeGeometriItems/>
		<KnudeVaerdiItems/>
		<TypeAfloebKode>2</TypeAfloebKode>
		<DaekselItems>
			<Daeksel Daekselnr="1">
				<Daekselkote>27.209999</Daekselkote>
				<DiameterBredde>1000</DiameterBredde>
			</Daeksel>
		</DaekselItems>
		<TilsluttetAdresseItems/>
		<Broend>
			<BroendKode>1</BroendKode>
		</Broend>
	</Knude>
	<Knude Knudenavn="R3">
		<KnudeKode>1</KnudeKode>
		<FormKode>1</FormKode>
		<KategoriAfloebKode>1</KategoriAfloebKode>
		<Bundkote>22.66</Bundkote>
		<Terraenkote>23.860001</Terraenkote>
		<DiameterBredde>1000</DiameterBredde>
		<KnudeKode>1</KnudeKode>
		<XKoordinat>534073.469116211</XKoordinat>
		<YKoordinat>6223695.20812988</YKoordinat>
		<DokKnudeItems/>
		<KnudeGeometriItems/>
		<KnudeVaerdiItems/>
		<TypeAfloebKode>2</TypeAfloebKode>
		<DaekselItems>
			<Daeksel Daekselnr="1">
				<Daekselkote>23.860001</Daekselkote>
				<DiameterBredde>1000</DiameterBredde>
			</Daeksel>
		</DaekselItems>
		<TilsluttetAdresseItems/>
		<Broend>
			<BroendKode>1</BroendKode>
		</Broend>
	</Knude>
	<Knude Knudenavn="R5">
		<KnudeKode>1</KnudeKode>
		<FormKode>1</FormKode>
		<KategoriAfloebKode>1</KategoriAfloebKode>
		<Bundkote>23.27</Bundkote>
		<Terraenkote>24.17</Terraenkote>
		<DiameterBredde>1000</DiameterBredde>
		<KnudeKode>1</KnudeKode>
		<XKoordinat>534132.127075195</XKoordinat>
		<YKoordinat>6223687.30212402</YKoordinat>
		<DokKnudeItems/>
		<KnudeGeometriItems/>
		<KnudeVaerdiItems/>
		<TypeAfloebKode>2</TypeAfloebKode>
		<DaekselItems>
			<Daeksel Daekselnr="1">
				<Daekselkote>24.17</Daekselkote>
				<DiameterBredde>1000</DiameterBredde>
			</Daeksel>
		</DaekselItems>
		<TilsluttetAdresseItems/>
		<Broend>
			<BroendKode>1</BroendKode>
		</Broend>
	</Knude>
	<Knude Knudenavn="R6">
		<KnudeKode>1</KnudeKode>
		<FormKode>1</FormKode>
		<KategoriAfloebKode>1</KategoriAfloebKode>
		<Bundkote>25.51</Bundkote>
		<Terraenkote>26.41</Terraenkote>
		<DiameterBredde>1000</DiameterBredde>
		<KnudeKode>1</KnudeKode>
		<XKoordinat>534223.116699219</XKoordinat>
		<YKoordinat>6223689.67950439</YKoordinat>
		<DokKnudeItems/>
		<KnudeGeometriItems/>
		<KnudeVaerdiItems/>
		<TypeAfloebKode>2</TypeAfloebKode>
		<DaekselItems>
			<Daeksel Daekselnr="1">
				<Daekselkote>26.41</Daekselkote>
				<DiameterBredde>1000</DiameterBredde>
			</Daeksel>
		</DaekselItems>
		<TilsluttetAdresseItems/>
		<Broend>
			<BroendKode>1</BroendKode>
		</Broend>
	</Knude>
	<Knude Knudenavn="R7">
		<KnudeKode>1</KnudeKode>
		<FormKode>1</FormKode>
		<KategoriAfloebKode>1</KategoriAfloebKode>
		<Bundkote>26.76</Bundkote>
		<Terraenkote>27.66</Terraenkote>
		<DiameterBredde>1000</DiameterBredde>
		<KnudeKode>1</KnudeKode>
		<XKoordinat>534226.921875</XKoordinat>
		<YKoordinat>6223720.11071777</YKoordinat>
		<DokKnudeItems/>
		<KnudeGeometriItems/>
		<KnudeVaerdiItems/>
		<TypeAfloebKode>2</TypeAfloebKode>
		<DaekselItems>
			<Daeksel Daekselnr="1">
				<Daekselkote>27.66</Daekselkote>
				<DiameterBredde>1000</DiameterBredde>
			</Daeksel>
		</DaekselItems>
		<TilsluttetAdresseItems/>
		<Broend>
			<BroendKode>1</BroendKode>
		</Broend>
	</Knude>
	<Knude Knudenavn="R8">
		<KnudeKode>1</KnudeKode>
		<FormKode>1</FormKode>
		<KategoriAfloebKode>1</KategoriAfloebKode>
		<Bundkote>29.040001</Bundkote>
		<Terraenkote>29.940001</Terraenkote>
		<DiameterBredde>1000</DiameterBredde>
		<KnudeKode>1</KnudeKode>
		<XKoordinat>534398.014892578</XKoordinat>
		<YKoordinat>6223692.75952148</YKoordinat>
		<DokKnudeItems/>
		<KnudeGeometriItems/>
		<KnudeVaerdiItems/>
		<TypeAfloebKode>2</TypeAfloebKode>
		<DaekselItems>
			<Daeksel Daekselnr="1">
				<Daekselkote>29.940001</Daekselkote>
				<DiameterBredde>1000</DiameterBredde>
			</Daeksel>
		</DaekselItems>
		<TilsluttetAdresseItems/>
		<Broend>
			<BroendKode>1</BroendKode>
		</Broend>
	</Knude>
	<Knude Knudenavn="R10">
		<KnudeKode>1</KnudeKode>
		<FormKode>1</FormKode>
		<KategoriAfloebKode>1</KategoriAfloebKode>
		<Bundkote>29.44</Bundkote>
		<Terraenkote>30.34</Terraenkote>
		<DiameterBredde>1000</DiameterBredde>
		<KnudeKode>1</KnudeKode>
		<XKoordinat>534445.855712891</XKoordinat>
		<YKoordinat>6223693.93811035</YKoordinat>
		<DokKnudeItems/>
		<KnudeGeometriItems/>
		<KnudeVaerdiItems/>
		<TypeAfloebKode>2</TypeAfloebKode>
		<DaekselItems>
			<Daeksel Daekselnr="1">
				<Daekselkote>30.34</Daekselkote>
				<DiameterBredde>1000</DiameterBredde>
			</Daeksel>
		</DaekselItems>
		<TilsluttetAdresseItems/>
		<Broend>
			<BroendKode>1</BroendKode>
		</Broend>
	</Knude>
	<Knude Knudenavn="R9">
		<KnudeKode>1</KnudeKode>
		<FormKode>1</FormKode>
		<KategoriAfloebKode>1</KategoriAfloebKode>
		<Bundkote>27</Bundkote>
		<Terraenkote>29.73</Terraenkote>
		<DiameterBredde>1000</DiameterBredde>
		<KnudeKode>1</KnudeKode>
		<XKoordinat>534541.730285645</XKoordinat>
		<YKoordinat>6223692.78631592</YKoordinat>
		<DokKnudeItems/>
		<KnudeGeometriItems/>
		<KnudeVaerdiItems/>
		<TypeAfloebKode>2</TypeAfloebKode>
		<DaekselItems>
			<Daeksel Daekselnr="1">
				<Daekselkote>29.73</Daekselkote>
				<DiameterBredde>1000</DiameterBredde>
			</Daeksel>
		</DaekselItems>
		<TilsluttetAdresseItems/>
		<Broend>
			<BroendKode>1</BroendKode>
		</Broend>
	</Knude>
	<KompleksBygvaerkGroup/>
	<BroendkatTopGroup/>
	<BroendkatVaegGroup/>
	<BroendkatBundGroup/>
	<BroendkatBundGroup/>
	<OprindelseGroup/>
	<DokumentGroup/>
	<FirmaGroup/>
	<VejGroup/>
	<DeklarationGroup/>
	<EjerlavGroup/>
	<LokalitetGroup/>
	<RecipientGroup/>
	<EjerfordelingGroup/>
</KnudeGroup>
