<?xml version="1.0" ?>
<LedningGroup xmlns="http://www.danva.dk/xml/schemas/dandas/20120102">
	<Referencesys>
		<KoordinatsysKode>9</KoordinatsysKode>
		<KotesysKode>1</KotesysKode>
	</Referencesys>
	<Ledning DobbeltlednNr="1" NedstroemKnudenavn="R4" OpstroemKnudenavn="R3">
		<KategoriAfloebKode>1</KategoriAfloebKode>
		<LednfunktionKode>1</LednfunktionKode>
		<StatusKode>1</StatusKode>
		<TypeAfloebKode>2</TypeAfloebKode>
		<DelLedningItems>
			<DelLedning NedstroemKnudenavn="R4" OpstroemKnudenavn="R3">
				<BundloebskoteNedst>20.470001</BundloebskoteNedst>
				<BundloebskoteOpst>22.66</BundloebskoteOpst>
				<DiameterIndv>588</DiameterIndv>
				<Handelsmaal>588</Handelsmaal>
				<Fald>78.671</Fald>
				<Laengde>27.8374569452354</Laengde>
				<TvaersnitKode>1</TvaersnitKode>
			</DelLedning>
		</DelLedningItems>
	</Ledning>
	<Ledning DobbeltlednNr="1" NedstroemKnudenavn="R6" OpstroemKnudenavn="R8">
		<KategoriAfloebKode>1</KategoriAfloebKode>
		<LednfunktionKode>1</LednfunktionKode>
		<StatusKode>1</StatusKode>
		<TypeAfloebKode>2</TypeAfloebKode>
		<DelLedningItems>
			<DelLedning NedstroemKnudenavn="R6" OpstroemKnudenavn="R8">
				<BundloebskoteNedst>25.51</BundloebskoteNedst>
				<BundloebskoteOpst>29.040001</BundloebskoteOpst>
				<DiameterIndv>233</DiameterIndv>
				<Handelsmaal>233</Handelsmaal>
				<Fald>20.180</Fald>
				<Laengde>174.925311335001</Laengde>
				<TvaersnitKode>1</TvaersnitKode>
			</DelLedning>
		</DelLedningItems>
	</Ledning>
	<Ledning DobbeltlednNr="1" NedstroemKnudenavn="R9" OpstroemKnudenavn="R10">
		<KategoriAfloebKode>1</KategoriAfloebKode>
		<LednfunktionKode>1</LednfunktionKode>
		<StatusKode>1</StatusKode>
		<TypeAfloebKode>2</TypeAfloebKode>
		<DelLedningItems>
			<DelLedning NedstroemKnudenavn="R9" OpstroemKnudenavn="R10">
				<BundloebskoteNedst>27</BundloebskoteNedst>
				<BundloebskoteOpst>29.44</BundloebskoteOpst>
				<DiameterIndv>235</DiameterIndv>
				<Handelsmaal>235</Handelsmaal>
				<Fald>25.448</Fald>
				<Laengde>95.8814910770651</Laengde>
				<TvaersnitKode>1</TvaersnitKode>
			</DelLedning>
		</DelLedningItems>
	</Ledning>
	<Ledning DobbeltlednNr="1" NedstroemKnudenavn="R2" OpstroemKnudenavn="R1">
		<KategoriAfloebKode>1</KategoriAfloebKode>
		<LednfunktionKode>1</LednfunktionKode>
		<StatusKode>1</StatusKode>
		<TypeAfloebKode>2</TypeAfloebKode>
		<DelLedningItems>
			<DelLedning NedstroemKnudenavn="R2" OpstroemKnudenavn="R1">
				<BundloebskoteNedst>26.309999</BundloebskoteNedst>
				<BundloebskoteOpst>29.77</BundloebskoteOpst>
				<DiameterIndv>233</DiameterIndv>
				<Handelsmaal>233</Handelsmaal>
				<Fald>35.748</Fald>
				<Laengde>96.7887622474845</Laengde>
				<TvaersnitKode>1</TvaersnitKode>
			</DelLedning>
		</DelLedningItems>
	</Ledning>
	<Ledning DobbeltlednNr="1" NedstroemKnudenavn="R3" OpstroemKnudenavn="R2">
		<KategoriAfloebKode>1</KategoriAfloebKode>
		<LednfunktionKode>1</LednfunktionKode>
		<StatusKode>1</StatusKode>
		<TypeAfloebKode>2</TypeAfloebKode>
		<DelLedningItems>
			<DelLedning NedstroemKnudenavn="R3" OpstroemKnudenavn="R2">
				<BundloebskoteNedst>22.66</BundloebskoteNedst>
				<BundloebskoteOpst>26.309999</BundloebskoteOpst>
				<DiameterIndv>350</DiameterIndv>
				<Handelsmaal>350</Handelsmaal>
				<Fald>33.838</Fald>
				<Laengde>107.865958273681</Laengde>
				<TvaersnitKode>1</TvaersnitKode>
			</DelLedning>
		</DelLedningItems>
	</Ledning>
	<Ledning DobbeltlednNr="1" NedstroemKnudenavn="R3" OpstroemKnudenavn="R5">
		<KategoriAfloebKode>1</KategoriAfloebKode>
		<LednfunktionKode>1</LednfunktionKode>
		<StatusKode>1</StatusKode>
		<TypeAfloebKode>2</TypeAfloebKode>
		<DelLedningItems>
			<DelLedning NedstroemKnudenavn="R3" OpstroemKnudenavn="R5">
				<BundloebskoteNedst>22.66</BundloebskoteNedst>
				<BundloebskoteOpst>23.27</BundloebskoteOpst>
				<DiameterIndv>392</DiameterIndv>
				<Handelsmaal>392</Handelsmaal>
				<Fald>10.306</Fald>
				<Laengde>59.1883525776913</Laengde>
				<TvaersnitKode>1</TvaersnitKode>
			</DelLedning>
		</DelLedningItems>
	</Ledning>
	<Ledning DobbeltlednNr="1" NedstroemKnudenavn="R5" OpstroemKnudenavn="R6">
		<KategoriAfloebKode>1</KategoriAfloebKode>
		<LednfunktionKode>1</LednfunktionKode>
		<StatusKode>1</StatusKode>
		<TypeAfloebKode>2</TypeAfloebKode>
		<DelLedningItems>
			<DelLedning NedstroemKnudenavn="R5" OpstroemKnudenavn="R6">
				<BundloebskoteNedst>23.27</BundloebskoteNedst>
				<BundloebskoteOpst>25.51</BundloebskoteOpst>
				<DiameterIndv>350</DiameterIndv>
				<Handelsmaal>350</Handelsmaal>
				<Fald>24.610</Fald>
				<Laengde>91.0206768671568</Laengde>
				<TvaersnitKode>1</TvaersnitKode>
			</DelLedning>
		</DelLedningItems>
	</Ledning>
	<Ledning DobbeltlednNr="1" NedstroemKnudenavn="R6" OpstroemKnudenavn="R7">
		<KategoriAfloebKode>1</KategoriAfloebKode>
		<LednfunktionKode>1</LednfunktionKode>
		<StatusKode>1</StatusKode>
		<TypeAfloebKode>2</TypeAfloebKode>
		<DelLedningItems>
			<DelLedning NedstroemKnudenavn="R6" OpstroemKnudenavn="R7">
				<BundloebskoteNedst>25.51</BundloebskoteNedst>
				<BundloebskoteOpst>26.76</BundloebskoteOpst>
				<DiameterIndv>176</DiameterIndv>
				<Handelsmaal>176</Handelsmaal>
				<Fald>40.759</Fald>
				<Laengde>30.6681937915935</Laengde>
				<TvaersnitKode>1</TvaersnitKode>
			</DelLedning>
		</DelLedningItems>
	</Ledning>
</LedningGroup>
