<metadata xml:lang="da"><Esri><CreaDate>20190625</CreaDate><CreaTime>08403600</CreaTime><ArcGISFormat>1.0</ArcGISFormat><SyncOnce>TRUE</SyncOnce><ModDate>20191111</ModDate><ModTime>9273500</ModTime><scaleRange><minScale>150000000</minScale><maxScale>5000</maxScale></scaleRange><ArcGISProfile>ItemDescription</ArcGISProfile></Esri><tool name="LTSExtractor" displayname="Extract jobs from LTS file" toolboxalias="" xmlns=""><arcToolboxHelpPath>c:\program files (x86)\arcgis\desktop10.3\Help\gp</arcToolboxHelpPath><parameters><param name="LTSFile" displayname="Input LTS file" type="Required" direction="Input" datatype="File" expression="LTSFile"><dialogReference>&lt;DIV STYLE="text-align:Left;"&gt;&lt;DIV&gt;&lt;P&gt;&lt;SPAN&gt;Input LTS file.&lt;/SPAN&gt;&lt;/P&gt;&lt;/DIV&gt;&lt;/DIV&gt;</dialogReference></param><param name="dates" displayname="Date and time of jobs to extract from (same format as in MJL-file - split each date by a comma) Example: '2016-08-28 19:10:13',  '2014-09-06 18:17:13',  '2017-07-23 07:12:13'" type="Required" direction="Input" datatype="String" expression="dates"><dialogReference>&lt;DIV STYLE="text-align:Left;"&gt;&lt;DIV&gt;&lt;P&gt;&lt;SPAN&gt;Dates to pick jobs from. Dates are in the format "2016-01-01 12:00:00" separated by a comma. &lt;/SPAN&gt;&lt;/P&gt;&lt;/DIV&gt;&lt;/DIV&gt;</dialogReference></param><param name="LTSNewFile" displayname="Output LTS file" type="Required" direction="Output" datatype="File" expression="LTSNewFile"><dialogReference>&lt;DIV STYLE="text-align:Left;"&gt;&lt;DIV&gt;&lt;P&gt;&lt;SPAN&gt;Output LTS file&lt;/SPAN&gt;&lt;/P&gt;&lt;/DIV&gt;&lt;/DIV&gt;</dialogReference></param></parameters><summary>&lt;DIV STYLE="text-align:Left;"&gt;&lt;DIV&gt;&lt;P&gt;&lt;SPAN&gt;Extract jobs from LTS file by dates.&lt;/SPAN&gt;&lt;/P&gt;&lt;P&gt;&lt;SPAN&gt;Creates a new LTS file that only includes jobs that cover a selected list of dates.&lt;/SPAN&gt;&lt;/P&gt;&lt;/DIV&gt;&lt;/DIV&gt;</summary></tool><dataIdInfo><idCitation><resTitle>Extract jobs from LTS file</resTitle></idCitation><idAbs>&lt;DIV STYLE="text-align:Left;"&gt;&lt;DIV&gt;&lt;P&gt;&lt;SPAN&gt;Extract jobs from LTS file by dates.&lt;/SPAN&gt;&lt;/P&gt;&lt;P&gt;&lt;SPAN&gt;Creates a new LTS file that only includes jobs that cover a selected list of dates.&lt;/SPAN&gt;&lt;/P&gt;&lt;/DIV&gt;&lt;/DIV&gt;</idAbs><idCredit>Made by Emil Nielsen
E-mail: enielsen93@hotmail.com</idCredit><searchKeys><keyword>mikeurban</keyword><keyword>lts</keyword></searchKeys></dataIdInfo><distInfo><distributor><distorFormat><formatName>ArcToolbox Tool</formatName></distorFormat></distributor></distInfo><mdHrLv><ScopeCd value="005"></ScopeCd></mdHrLv></metadata>
