<metadata xml:lang="da"><Esri><CreaDate>20180911</CreaDate><CreaTime>08001700</CreaTime><ArcGISFormat>1.0</ArcGISFormat><SyncOnce>TRUE</SyncOnce><ModDate>20191106</ModDate><ModTime>13061500</ModTime><scaleRange><minScale>150000000</minScale><maxScale>5000</maxScale></scaleRange><ArcGISProfile>ItemDescription</ArcGISProfile></Esri><tool name="LTSGenerator" displayname="Create LTS-file" toolboxalias="" xmlns=""><arcToolboxHelpPath>c:\program files (x86)\arcgis\desktop10.3\Help\gp</arcToolboxHelpPath><parameters><param name="input_file" displayname="Input DFS0 or KM2 file (Rain series)" type="Required" direction="Input" datatype="File" expression="input_file"><dialogReference>&lt;DIV STYLE="text-align:Left;"&gt;&lt;P&gt;&lt;SPAN&gt;Select the DFS0 or KM2 file that you wish to generate an LTS file for.&lt;/SPAN&gt;&lt;SPAN&gt; &lt;/SPAN&gt;&lt;SPAN&gt;DFS0 files can be generated through Mike Urban, and KM2 files are&lt;/SPAN&gt;&lt;SPAN&gt; &lt;/SPAN&gt;&lt;SPAN&gt;available from http://svk.dmi.dk (requires SVK license to access).&lt;/SPAN&gt;&lt;/P&gt;&lt;/DIV&gt;</dialogReference></param><param name="output_mjl" displayname="Output MOUSE job list (MJL) file" type="Required" direction="Output" datatype="File" expression="output_mjl"><dialogReference>&lt;DIV STYLE="text-align:Left;"&gt;&lt;DIV&gt;&lt;P&gt;&lt;SPAN&gt;Select the path and filename for the MOUSE job list (LTS-file) that you wish to generate. Overwriting existing MJL files is not permitted.&lt;/SPAN&gt;&lt;/P&gt;&lt;/DIV&gt;&lt;/DIV&gt;</dialogReference></param><param name="time_series_duration" displayname="Duration of time series: [years]" type="Optional" direction="Input" datatype="Double" expression="{time_series_duration}"><dialogReference>&lt;DIV STYLE="text-align:Left;"&gt;&lt;DIV&gt;&lt;P&gt;&lt;SPAN&gt;The duration of the time series is calculated for an input DFS0 or KM2 file immediately after selecting one in field ‘Input DFS0 or KM2 file (Rain series)’. If the calculated time period is incorrect, replace the calculated number with your own. Calculation of duration of time series does not account for gaps in the time series, e.g. from rain gauge failure. If the actual duration of time series is known, replace the calculated value with this in [years] &lt;/SPAN&gt;&lt;/P&gt;&lt;P&gt;&lt;SPAN&gt;The duration of the time series is used for calculating the return period for each rain event, which is used in field ‘Include all rain events with return period above’ and ‘Return period above’.&lt;/SPAN&gt;&lt;/P&gt;&lt;/DIV&gt;&lt;/DIV&gt;</dialogReference></param><param name="date_criteria" displayname="Select only rain events between these two dates:" type="Optional" direction="Input" datatype="String" expression="{date_criteria}"><dialogReference>&lt;DIV STYLE="text-align:Left;"&gt;&lt;DIV&gt;&lt;P&gt;&lt;SPAN&gt;Insert the two dates that you wish to include rain events from. Example: If you wish to include only rain events in the years 2008 and 2009, write ‘2008 - 2010’ or ‘01/01/2008 - 01/01/2010’. Default value is the start and end date of the input time series. &lt;/SPAN&gt;&lt;/P&gt;&lt;/DIV&gt;&lt;/DIV&gt;</dialogReference></param><param name="include_events_total_rain_depth" displayname="Include all rain events with total rain depth above: [mm]" type="Optional" direction="Input" datatype="Double" expression="{include_events_total_rain_depth}"><dialogReference>&lt;DIV STYLE="text-align:Left;"&gt;&lt;DIV&gt;&lt;P&gt;&lt;SPAN&gt;Includes all rain events with total rain depth above a certain rain depth. Example: If input value is 2, all rain events with a total rain depth above 2 mm will be included in the LTS-file. If the field is left empty, no rain events will be included from this method. &lt;/SPAN&gt;&lt;/P&gt;&lt;P&gt;&lt;SPAN&gt;Can not be used simultaneously with field ’Include all rain events with return period above’.&lt;/SPAN&gt;&lt;/P&gt;&lt;/DIV&gt;&lt;/DIV&gt;</dialogReference></param><param name="include_events_return_period" displayname="Include all rain events with return period above: [year]" type="Optional" direction="Input" datatype="String" expression="{include_events_return_period}"><dialogReference>&lt;DIV STYLE="text-align:Left;"&gt;&lt;P&gt;&lt;SPAN&gt;Includes all rain events with with a return period above a certain extent. E.g. if input value is 5, all rain events with a return period above 5 years are included in the LTS-file. Return period is calculated from the total rain depth of an event. &lt;/SPAN&gt;&lt;/P&gt;&lt;P&gt;&lt;SPAN&gt;The ranking of each rain event is according to the total rain depth of the event. Thus the event with the greatest rain depth is assigned a return period of the duration of the time series, seen in field ‘Duration of time series’. The event with the 2nd greatest rain depth is assigned a return period corresponding to half the duration of the time series etc.&lt;/SPAN&gt;&lt;/P&gt;&lt;/DIV&gt;</dialogReference></param><param name="soft_start_time" displayname="Soft start time [min]" type="Optional" direction="Input" datatype="Double" expression="{soft_start_time}"><dialogReference>&lt;DIV STYLE="text-align:Left;"&gt;&lt;DIV&gt;&lt;P&gt;&lt;SPAN&gt;Soft start time of LTS simulation. If input value is 60, the LTS simulation will include 60 minutes prior to the beginning of a rain event, including whatever rain may fall in that period. This period is not included in the evaluation of the total rain depth or the return period for an event. &lt;/SPAN&gt;&lt;/P&gt;&lt;/DIV&gt;&lt;/DIV&gt;</dialogReference></param><param name="soft_stop_time" displayname="Soft stop time [min]" type="Optional" direction="Input" datatype="Double" expression="{soft_stop_time}"><dialogReference>&lt;DIV STYLE="text-align:Left;"&gt;&lt;P&gt;&lt;SPAN&gt;Soft stop time of LTS simulation. If input value is 60, the LTS simulation will include 60 minutes after the end of a rain event, including whatever rain may fall in that period. &lt;/SPAN&gt;&lt;/P&gt;&lt;P&gt;&lt;SPAN&gt;This period is not included in the evaluation of the total rain depth or the return period for an event. &lt;/SPAN&gt;&lt;/P&gt;&lt;/DIV&gt;</dialogReference></param><param name="time_aggregate_enable" displayname="Use time aggregates" type="Optional" direction="Output" datatype="Boolean" expression="{time_aggregate_enable}"><dialogReference>&lt;DIV STYLE="text-align:Left;"&gt;&lt;DIV&gt;&lt;P&gt;&lt;SPAN&gt;Check this field if you wish to select and include rain events according&lt;/SPAN&gt;&lt;SPAN&gt; &lt;/SPAN&gt;&lt;SPAN&gt;to the accumulated rain depth over a defined period.&lt;/SPAN&gt;&lt;/P&gt;&lt;/DIV&gt;&lt;/DIV&gt;</dialogReference></param><param name="time_aggregate_return_period" displayname="Return period above: [year]" type="Optional" direction="Input" datatype="String" expression="{time_aggregate_return_period}"><dialogReference>&lt;DIV STYLE="text-align:Left;"&gt;&lt;P&gt;&lt;SPAN&gt;Includes all rain events whose return period according to rain depth over each input time aggregate period is above input value. See field Include all rain events with return period above, except total rain depth is replaced with rain depth over time aggregate period. &lt;/SPAN&gt;&lt;/P&gt;&lt;P&gt;&lt;SPAN&gt;For a time series with a total duration of 10 years, with 6 selected time aggregate periods, if the input return time is 5 years, then the total amount of included rain events is 2 · 6 = 12. Because some rain events will most likely contain multiple time aggregates with a high return period, the actual amount of included events will be significantly less than 12. &lt;/SPAN&gt;&lt;/P&gt;&lt;/DIV&gt;</dialogReference></param><param name="time_aggregate_number_events" displayname="Number of included events for each aggregate:" type="Optional" direction="Input" datatype="Long" expression="{time_aggregate_number_events}"><dialogReference>&lt;DIV STYLE="text-align:Left;"&gt;&lt;P&gt;&lt;SPAN&gt;Includes a specific amount of events that rank highest in rain depth over time aggregate period. &lt;/SPAN&gt;&lt;/P&gt;&lt;P&gt;&lt;SPAN&gt;If input value is 12, with 6 selected time aggregate periods, then the total amount of included events is 12·6 = 72. Because some rain events will most likely contain multiple time aggregates with a high return period, the actual amount of included events will be significantly less than 72. &lt;/SPAN&gt;&lt;/P&gt;&lt;/DIV&gt;</dialogReference></param><param name="time_aggregate_periods" displayname="Time aggregates: [min]" type="Optional" direction="Input" datatype="Multiple Value" expression="{time_aggregate_periods;time_aggregate_periods...}"><dialogReference>&lt;DIV STYLE="text-align:Left;"&gt;&lt;DIV&gt;&lt;P&gt;&lt;SPAN&gt;List of time aggregates for which events will be included for. Write a value into the field box and click the plus icon to add it. Select a value from the list and click the cross to delete this period.&lt;/SPAN&gt;&lt;/P&gt;&lt;/DIV&gt;&lt;/DIV&gt;</dialogReference></param><param name="rain_event_merge" displayname="Merge rain events over dry periods" type="Optional" direction="Input" datatype="Boolean" expression="{rain_event_merge}"><dialogReference>&lt;DIV STYLE="text-align:Left;"&gt;&lt;DIV&gt;&lt;P&gt;&lt;SPAN&gt;Merge rain events over greater time periods than the default 60 minutes. &lt;/SPAN&gt;&lt;/P&gt;&lt;/DIV&gt;&lt;/DIV&gt;</dialogReference></param><param name="rain_event_merge_duration" displayname="Merge rain events with dry periods shorter than [min]" type="Optional" direction="Input" datatype="Double" expression="{rain_event_merge_duration}"><dialogReference>&lt;DIV STYLE="text-align:Left;"&gt;&lt;DIV&gt;&lt;P&gt;&lt;SPAN&gt;Duration of allowed dry period to merge rain events across.&lt;/SPAN&gt;&lt;/P&gt;&lt;/DIV&gt;&lt;/DIV&gt;</dialogReference></param><param name="hotstart_param" displayname="Include hotstart" type="Optional" direction="Input" datatype="Boolean" expression="{hotstart_param}"><dialogReference>&lt;DIV STYLE="text-align:Left;"&gt;&lt;DIV&gt;&lt;P&gt;&lt;SPAN&gt;Include hotstart file.&lt;/SPAN&gt;&lt;/P&gt;&lt;/DIV&gt;&lt;/DIV&gt;</dialogReference></param><param name="hotstart_name" displayname="Name of hotstart-file" type="Optional" direction="Input" datatype="String" expression="{hotstart_name}"><dialogReference>&lt;DIV STYLE="text-align:Left;"&gt;&lt;DIV&gt;&lt;P&gt;&lt;SPAN&gt;Name of the hotstart file. &lt;/SPAN&gt;&lt;/P&gt;&lt;P&gt;&lt;SPAN&gt;Example: Hotstart.PRF&lt;/SPAN&gt;&lt;/P&gt;&lt;/DIV&gt;&lt;/DIV&gt;</dialogReference></param><param name="hotstart_date" displayname="Date of hotstart-file (format: YYYY-MM-DD)" type="Optional" direction="Input" datatype="String" expression="{hotstart_date}"><dialogReference>&lt;DIV STYLE="text-align:Left;"&gt;&lt;DIV&gt;&lt;P&gt;&lt;SPAN&gt;Date to use for the hotstart file.&lt;/SPAN&gt;&lt;/P&gt;&lt;/DIV&gt;&lt;/DIV&gt;</dialogReference></param></parameters><summary>&lt;DIV STYLE="text-align:Left;"&gt;&lt;P&gt;&lt;SPAN&gt;Long Term Statistics toolbox is a tool to develop DHI MIKE Urban LTS-files (Long Term Statistics) through ArcGIS. &lt;/SPAN&gt;&lt;/P&gt;&lt;P&gt;&lt;SPAN&gt;The tool is compatible with all versions of ArcGIS and can use both .dfs0-files from MIKE Urban or .km2-files from the rain gauge system of Spildevandskomitéen. It can write LTS-files for use in long term simulations through Mike Urban. &lt;/SPAN&gt;&lt;/P&gt;&lt;/DIV&gt;</summary></tool><dataIdInfo><idCitation><resTitle>Create LTS-file</resTitle></idCitation><idAbs>&lt;DIV STYLE="text-align:Left;"&gt;&lt;P&gt;&lt;SPAN&gt;Long Term Statistics toolbox is a tool to develop DHI MIKE Urban LTS-files (Long Term Statistics) through ArcGIS. &lt;/SPAN&gt;&lt;/P&gt;&lt;P&gt;&lt;SPAN&gt;The tool is compatible with all versions of ArcGIS and can use both .dfs0-files from MIKE Urban or .km2-files from the rain gauge system of Spildevandskomitéen. It can write LTS-files for use in long term simulations through Mike Urban. &lt;/SPAN&gt;&lt;/P&gt;&lt;/DIV&gt;</idAbs><idCredit>Emil Nielsen (enielsen93@hotmail.com)</idCredit><searchKeys><keyword>LTS</keyword></searchKeys></dataIdInfo><distInfo><distributor><distorFormat><formatName>ArcToolbox Tool</formatName></distorFormat></distributor></distInfo><mdHrLv><ScopeCd value="005"></ScopeCd></mdHrLv></metadata>
