<metadata xml:lang="da"><Esri><CreaDate>20180910</CreaDate><CreaTime>15473500</CreaTime><ArcGISFormat>1.0</ArcGISFormat><SyncOnce>TRUE</SyncOnce><ModDate>20191111</ModDate><ModTime>9241600</ModTime><scaleRange><minScale>150000000</minScale><maxScale>5000</maxScale></scaleRange><ArcGISProfile>ItemDescription</ArcGISProfile></Esri><toolbox name="Long Term Statistics" alias=""><arcToolboxHelpPath>c:\program files (x86)\arcgis\desktop10.3\Help\gp</arcToolboxHelpPath></toolbox><dataIdInfo><idCitation><resTitle>Long Term Statistics</resTitle></idCitation><idPurp>Long Term Statistics Macro</idPurp><searchKeys><keyword>mikeurban</keyword><keyword>lts</keyword></searchKeys><idCredit>Made by Emil Nielsen
E-mail: enielsen93@hotmail.com</idCredit></dataIdInfo><distInfo><distributor><distorFormat><formatName>ArcToolbox Toolbox</formatName></distorFormat></distributor></distInfo><mdHrLv><ScopeCd value="005"/></mdHrLv></metadata>
