<?xml version="1.0" encoding="UTF-8"?>
<metadata xml:lang="da"><Esri><CreaDate>20180517</CreaDate><CreaTime>09415800</CreaTime><ArcGISFormat>1.0</ArcGISFormat><SyncOnce>TRUE</SyncOnce><ModDate>20180803</ModDate><ModTime>160705</ModTime></Esri><toolbox name="MUS4ArcGIS" alias=""><arcToolboxHelpPath>c:\program files (x86)\arcgis\desktop10.3\Help\gp</arcToolboxHelpPath><toolsets/></toolbox><dataIdInfo><idCitation><resTitle>MUS4ArcGIS</resTitle></idCitation></dataIdInfo><distInfo><distributor><distorFormat><formatName>ArcToolbox Toolbox</formatName></distorFormat></distributor></distInfo></metadata>
