<?xml version="1.0" encoding="UTF-8"?>
<metadata xml:lang="da"><Esri><CreaDate>20180823</CreaDate><CreaTime>08593100</CreaTime><ArcGISFormat>1.0</ArcGISFormat><SyncOnce>TRUE</SyncOnce><DataProperties><lineage><Process ToolSource="c:\program files (x86)\arcgis\desktop10.3\ArcToolbox\Toolboxes\Data Management Tools.tbx\CalculateField" Date="20160616" Time="180550">CalculateField ReduktionKnude ReduktionOmraade "Hellerup" VB #</Process><Process ToolSource="c:\program files (x86)\arcgis\desktop10.5\ArcToolbox\Toolboxes\Data Management Tools.tbx\CalculateField" Date="20180215" Time="133811">CalculateField ReduktionKnude ReduktionOmraade "Ikast" VB #</Process><Process ToolSource="c:\program files (x86)\arcgis\desktop10.5\ArcToolbox\Toolboxes\Data Management Tools.tbx\CalculateField" Date="20180215" Time="134231">CalculateField ReduktionKnude ReduktionOmraade "Ikast" VB #</Process><Process ToolSource="c:\program files (x86)\arcgis\desktop10.5\ArcToolbox\Toolboxes\Data Management Tools.tbx\CalculateField" Date="20180215" Time="134328">CalculateField ReduktionKnude ReduktionOmraade "Ikast" VB #</Process><Process ToolSource="c:\program files (x86)\arcgis\desktop10.3\ArcToolbox\Toolboxes\Data Management Tools.tbx\CalculateField" Date="20180525" Time="120621">CalculateField ReduktionKnude ReduktionOmraade "NederHvam" VB #</Process><Process ToolSource="c:\program files (x86)\arcgis\desktop10.3\ArcToolbox\Toolboxes\Data Management Tools.tbx\CalculateField" Date="20180629" Time="091849">CalculateField ReduktionKnude ReduktionOmraade KjellerupBy VB #</Process><Process ToolSource="c:\program files (x86)\arcgis\desktop10.3\ArcToolbox\Toolboxes\Data Management Tools.tbx\CalculateField" Date="20180629" Time="091911">CalculateField ReduktionKnude ReduktionOmraade "KjellerupBy" VB #</Process><Process ToolSource="c:\program files (x86)\arcgis\desktop10.3\ArcToolbox\Toolboxes\Data Management Tools.tbx\CalculateField" Date="20180629" Time="105357">CalculateField ReduktionKnude ReduktionOmraade "KjellerupBy" VB #</Process><Process ToolSource="c:\program files (x86)\arcgis\desktop10.3\ArcToolbox\Toolboxes\Data Management Tools.tbx\CalculateField" Date="20180629" Time="111602">CalculateField ReduktionKnude ReduktionOmraade "KjellerupBy" VB #</Process><Process ToolSource="c:\program files (x86)\arcgis\desktop10.3\ArcToolbox\Toolboxes\Data Management Tools.tbx\CalculateField" Date="20180629" Time="112249">CalculateField ReduktionKnude ReduktionOmraade "Kjellerup" VB #</Process><Process ToolSource="c:\program files (x86)\arcgis\desktop10.3\ArcToolbox\Toolboxes\Data Management Tools.tbx\CalculateField" Date="20180629" Time="112800">CalculateField ReduktionKnude ReduktionOmraade "KjellerupBy" VB #</Process><Process ToolSource="c:\program files (x86)\arcgis\desktop10.3\ArcToolbox\Toolboxes\Data Management Tools.tbx\CalculateField" Date="20180703" Time="082810">CalculateField ReduktionKnude ReduktionOmraade "KjellerupBy" VB #</Process><Process ToolSource="c:\program files (x86)\arcgis\desktop10.3\ArcToolbox\Toolboxes\Data Management Tools.tbx\CalculateField" Date="20180703" Time="083552">CalculateField ReduktionKnude ReduktionOmraade "KjellerupBy" VB #</Process><Process ToolSource="c:\program files (x86)\arcgis\desktop10.3\ArcToolbox\Toolboxes\Data Management Tools.tbx\CalculateField" Date="20180703" Time="085325">CalculateField ReduktionKnude ReduktionOmraade "Kjellerup" VB #</Process><Process ToolSource="c:\program files (x86)\arcgis\desktop10.3\ArcToolbox\Toolboxes\Data Management Tools.tbx\CalculateField" Date="20180703" Time="085406">CalculateField ReduktionKnude ReduktionOmraade "KjellerupBy" VB #</Process><Process ToolSource="c:\program files (x86)\arcgis\desktop10.3\ArcToolbox\Toolboxes\Data Management Tools.tbx\CalculateField" Date="20180703" Time="085537">CalculateField ReduktionKnude ReduktionOmraade "KjellerupBy" VB #</Process><Process ToolSource="c:\program files (x86)\arcgis\desktop10.3\ArcToolbox\Toolboxes\Data Management Tools.tbx\CalculateField" Date="20180703" Time="101358">CalculateField ReduktionKnude ReduktionOmraade "Kjellerup" VB #</Process><Process ToolSource="c:\program files (x86)\arcgis\desktop10.3\ArcToolbox\Toolboxes\Data Management Tools.tbx\CalculateField" Date="20180703" Time="101547">CalculateField ReduktionKnude ReduktionOmraade "KjellerupBy" VB #</Process><Process ToolSource="c:\program files (x86)\arcgis\desktop10.3\ArcToolbox\Toolboxes\Data Management Tools.tbx\CalculateField" Date="20180703" Time="101630">CalculateField ReduktionKnude ReduktionOmraade "Kjellerup" VB #</Process><Process ToolSource="c:\program files (x86)\arcgis\desktop10.3\ArcToolbox\Toolboxes\Data Management Tools.tbx\CalculateField" Date="20180703" Time="101801">CalculateField ReduktionKnude ReduktionOmraade "KjellerupBy" VB #</Process><Process ToolSource="c:\program files (x86)\arcgis\desktop10.3\ArcToolbox\Toolboxes\Data Management Tools.tbx\CalculateField" Date="20180703" Time="101834">CalculateField ReduktionKnude ReduktionOmraade "Kjellerup" VB #</Process><Process ToolSource="c:\program files (x86)\arcgis\desktop10.3\ArcToolbox\Toolboxes\Data Management Tools.tbx\CalculateField" Date="20180703" Time="101858">CalculateField ReduktionKnude ReduktionOmraade "Kjellerup" VB #</Process><Process ToolSource="c:\program files (x86)\arcgis\desktop10.3\ArcToolbox\Toolboxes\Data Management Tools.tbx\CalculateField" Date="20180703" Time="123925">CalculateField ReduktionKnude ReduktionOmraade "Kjellerup" VB #</Process><Process ToolSource="c:\program files (x86)\arcgis\desktop10.3\ArcToolbox\Toolboxes\Data Management Tools.tbx\CalculateField" Date="20180703" Time="125531">CalculateField ReduktionKnude ReduktionOmraade "KjellerupBy" VB #</Process><Process ToolSource="c:\program files (x86)\arcgis\desktop10.3\ArcToolbox\Toolboxes\Data Management Tools.tbx\CalculateField" Date="20180703" Time="131129">CalculateField ReduktionKnude ReduktionOmraade "Kjellerup" VB #</Process><Process ToolSource="c:\program files (x86)\arcgis\desktop10.3\ArcToolbox\Toolboxes\Data Management Tools.tbx\CalculateField" Date="20180703" Time="131331">CalculateField ReduktionKnude ReduktionOmraade "Kjellerup" VB #</Process><Process ToolSource="c:\program files (x86)\arcgis\desktop10.3\ArcToolbox\Toolboxes\Data Management Tools.tbx\CalculateField" Date="20180703" Time="133249">CalculateField ReduktionKnude ReduktionOmraade "Kjellerup" VB #</Process><Process ToolSource="c:\program files (x86)\arcgis\desktop10.3\ArcToolbox\Toolboxes\Data Management Tools.tbx\CalculateField" Date="20180703" Time="133822">CalculateField ReduktionKnude ReduktionOmraade "Kjellerup" VB #</Process><Process ToolSource="c:\program files (x86)\arcgis\desktop10.3\ArcToolbox\Toolboxes\Data Management Tools.tbx\CalculateField" Date="20180704" Time="101418">CalculateField ReduktionKnude ReduktionOmraade "Kjellerup" VB #</Process><Process ToolSource="c:\program files (x86)\arcgis\desktop10.3\ArcToolbox\Toolboxes\Data Management Tools.tbx\CalculateField" Date="20180704" Time="103137">CalculateField ReduktionKnude ReduktionOmraade "Kjellerup" VB #</Process><Process ToolSource="c:\program files (x86)\arcgis\desktop10.3\ArcToolbox\Toolboxes\Data Management Tools.tbx\CalculateField" Date="20180705" Time="125137">CalculateField ReduktionKnude ReduktionOmraade "Kjellerup" VB #</Process><Process ToolSource="c:\program files (x86)\arcgis\desktop10.3\ArcToolbox\Toolboxes\Data Management Tools.tbx\CalculateField" Date="20180705" Time="125639">CalculateField ReduktionKnude ReduktionOmraade "KjellerupBy" VB #</Process><Process ToolSource="c:\program files (x86)\arcgis\desktop10.3\ArcToolbox\Toolboxes\Data Management Tools.tbx\CalculateField" Date="20180705" Time="132641">CalculateField ReduktionKnude ReduktionOmraade "Kjellerup" VB #</Process><Process ToolSource="c:\program files (x86)\arcgis\desktop10.3\ArcToolbox\Toolboxes\Data Management Tools.tbx\CalculateField" Date="20180710" Time="102935">CalculateField ReduktionKnude ReduktionOmraade "KjellerupBy" VB #</Process><Process ToolSource="c:\program files (x86)\arcgis\desktop10.3\ArcToolbox\Toolboxes\Data Management Tools.tbx\CalculateField" Date="20180710" Time="104906">CalculateField ReduktionKnude ReduktionOmraade "KjellerupBy" VB #</Process><Process ToolSource="c:\program files (x86)\arcgis\desktop10.3\ArcToolbox\Toolboxes\Data Management Tools.tbx\CalculateField" Date="20180710" Time="105702">CalculateField ReduktionKnude ReduktionOmraade "KjellerupBy" VB #</Process><Process ToolSource="c:\program files (x86)\arcgis\desktop10.3\ArcToolbox\Toolboxes\Data Management Tools.tbx\CalculateField" Date="20180713" Time="142714">CalculateField ReduktionKnude ReduktionOmraade "Kjellerup" VB #</Process><Process ToolSource="c:\program files (x86)\arcgis\desktop10.3\ArcToolbox\Toolboxes\Data Management Tools.tbx\CalculateField" Date="20180720" Time="151107">CalculateField ReduktionKnude ReduktionOmraade "KjellerupBy" VB #</Process><Process ToolSource="c:\program files (x86)\arcgis\desktop10.3\ArcToolbox\Toolboxes\Data Management Tools.tbx\CalculateField" Date="20180720" Time="153842">CalculateField ReduktionKnude ReduktionOmraade "KjellerupBy" VB #</Process><Process ToolSource="c:\program files (x86)\arcgis\desktop10.3\ArcToolbox\Toolboxes\Data Management Tools.tbx\CalculateField" Date="20180720" Time="173518">CalculateField ReduktionKnude ReduktionOmraade "Kjellerup" VB #</Process><Process ToolSource="c:\program files (x86)\arcgis\desktop10.3\ArcToolbox\Toolboxes\Data Management Tools.tbx\CalculateField" Date="20180720" Time="173618">CalculateField ReduktionKnude ReduktionOmraade "KjellerupBy" VB #</Process><Process ToolSource="c:\program files (x86)\arcgis\desktop10.3\ArcToolbox\Toolboxes\Data Management Tools.tbx\CalculateField" Date="20180721" Time="091723">CalculateField ReduktionKnude ReduktionOmraade "KjellerupBy" VB #</Process><Process ToolSource="c:\program files (x86)\arcgis\desktop10.3\ArcToolbox\Toolboxes\Data Management Tools.tbx\CalculateField" Date="20180721" Time="101248">CalculateField ReduktionKnude ReduktionOmraade "KjellerupBy" VB #</Process><Process ToolSource="c:\program files (x86)\arcgis\desktop10.3\ArcToolbox\Toolboxes\Data Management Tools.tbx\CalculateField" Date="20180722" Time="153733">CalculateField ReduktionKnude ReduktionOmraade "Kjellerup" VB #</Process><Process ToolSource="c:\program files (x86)\arcgis\desktop10.3\ArcToolbox\Toolboxes\Data Management Tools.tbx\CalculateField" Date="20180722" Time="160310">CalculateField ReduktionKnude ReduktionOmraade "KjellerupBy" VB #</Process><Process ToolSource="c:\program files (x86)\arcgis\desktop10.3\ArcToolbox\Toolboxes\Data Management Tools.tbx\CalculateField" Date="20180723" Time="085844">CalculateField ReduktionKnude ReduktionOmraade "KjellerupBy" VB #</Process><Process ToolSource="c:\program files (x86)\arcgis\desktop10.3\ArcToolbox\Toolboxes\Data Management Tools.tbx\CalculateField" Date="20180730" Time="093813">CalculateField ReduktionKnude ReduktionOmraade "KjellerupBy" VB #</Process><Process ToolSource="c:\program files (x86)\arcgis\desktop10.3\ArcToolbox\Toolboxes\Data Management Tools.tbx\CalculateField" Date="20180731" Time="155645">CalculateField ReduktionKnude ReduktionOmraade "Kjellerup" VB #</Process><Process ToolSource="c:\program files (x86)\arcgis\desktop10.3\ArcToolbox\Toolboxes\Data Management Tools.tbx\CalculateField" Date="20180823" Time="085344">CalculateField ReduktionKnude ReduktionOmraade "Fællesvand_2017-04-27" VB #</Process><Process ToolSource="c:\program files (x86)\arcgis\desktop10.3\ArcToolbox\Toolboxes\Data Management Tools.tbx\CalculateField" Date="20180823" Time="085514">CalculateField ReduktionKnude ReduktionOmraade "Regnvand_2017-04-27" VB #</Process><Process ToolSource="c:\program files (x86)\arcgis\desktop10.3\ArcToolbox\Toolboxes\Data Management Tools.tbx\CalculateField" Date="20180823" Time="085657">CalculateField ReduktionKnude ReduktionOmraade "Resterende_2017-04-27" VB #</Process><Process ToolSource="c:\program files (x86)\arcgis\desktop10.3\ArcToolbox\Toolboxes\Data Management Tools.tbx\CalculateField" Date="20180823" Time="085808">CalculateField ReduktionKnude ReduktionOmraade "Spildevand_2017-04-27" VB #</Process></lineage></DataProperties></Esri></metadata>
