<?xml version="1.0" encoding="UTF-8"?>
<metadata xml:lang="da"><Esri><CreaDate>20180823</CreaDate><CreaTime>08022300</CreaTime><ArcGISFormat>1.0</ArcGISFormat><SyncOnce>TRUE</SyncOnce><ModDate>20180823</ModDate><ModTime>113008</ModTime></Esri><toolbox name="RevertFLORAModelArea" alias="Revert FLORA model area"><arcToolboxHelpPath>c:\program files (x86)\arcgis\desktop10.3\Help\gp</arcToolboxHelpPath><toolsets/></toolbox><dataIdInfo><idCitation><resTitle>RevertFLORAModelArea</resTitle></idCitation></dataIdInfo><distInfo><distributor><distorFormat><formatName>ArcToolbox Toolbox</formatName></distorFormat></distributor></distInfo></metadata>
