<?xml version="1.0"?>
<metadata xml:lang="da"><Esri><CreaDate>20190924</CreaDate><CreaTime>11221800</CreaTime><ArcGISFormat>1.0</ArcGISFormat><SyncOnce>TRUE</SyncOnce><ModDate>20191111</ModDate><ModTime>104741</ModTime><scaleRange><minScale>150000000</minScale><maxScale>5000</maxScale></scaleRange><ArcGISProfile>ItemDescription</ArcGISProfile></Esri><toolbox name="Analyze Catchments" alias="Analyze Catchments"><arcToolboxHelpPath>c:\program files (x86)\arcgis\desktop10.3\Help\gp</arcToolboxHelpPath><toolsets/></toolbox><dataIdInfo><idCitation><resTitle>Analyze Catchments</resTitle></idCitation><idPurp>Analyze Mike Urban Catchments</idPurp><idCredit>Made by Emil Nielsen
E-mail: enielsen93@hotmail.com</idCredit><searchKeys><keyword>arcgis</keyword><keyword>mikeurban</keyword></searchKeys></dataIdInfo><distInfo><distributor><distorFormat><formatName>ArcToolbox Toolbox</formatName></distorFormat></distributor></distInfo><mdHrLv><ScopeCd value="005"></ScopeCd></mdHrLv></metadata>
