<metadata xml:lang="da"><Esri><CreaDate>20190924</CreaDate><CreaTime>11264900</CreaTime><ArcGISFormat>1.0</ArcGISFormat><SyncOnce>TRUE</SyncOnce><ModDate>20191111</ModDate><ModTime>8574500</ModTime><scaleRange><minScale>150000000</minScale><maxScale>5000</maxScale></scaleRange><ArcGISProfile>ItemDescription</ArcGISProfile></Esri><tool name="GetImperviousnessFlora" displayname="Display imperviousness from Flora Catchments" toolboxalias="Connect Catchments with Imperviousness Table" xmlns=""><arcToolboxHelpPath>c:\program files (x86)\arcgis\desktop10.3\Help\gp</arcToolboxHelpPath><parameters><param name="database" displayname="Mike Urban database" type="Required" direction="Input" datatype="Workspace" expression="database"><dialogReference>&lt;DIV STYLE="text-align:Left;"&gt;&lt;DIV&gt;&lt;DIV&gt;&lt;P&gt;&lt;SPAN&gt;The input &lt;/SPAN&gt;&lt;SPAN&gt;FLORA datbase &lt;/SPAN&gt;&lt;SPAN&gt;with extension .mdb.&lt;/SPAN&gt;&lt;/P&gt;&lt;/DIV&gt;&lt;/DIV&gt;&lt;/DIV&gt;</dialogReference></param><param name="includeWasteWater" displayname="Include wastewater?" type="Optional" direction="Input" datatype="Boolean" expression="{includeWasteWater}"><dialogReference>&lt;DIV STYLE="text-align:Left;"&gt;&lt;DIV&gt;&lt;P&gt;&lt;SPAN&gt;Show catchments that are waste water (default only displays separate and combined)&lt;/SPAN&gt;&lt;/P&gt;&lt;/DIV&gt;&lt;/DIV&gt;</dialogReference></param></parameters><summary>&lt;DIV STYLE="text-align:Left;"&gt;&lt;DIV&gt;&lt;DIV&gt;&lt;P&gt;&lt;SPAN&gt;Display catchments from FLORA with impervious&lt;/SPAN&gt;&lt;SPAN&gt;ness&lt;/SPAN&gt;&lt;SPAN&gt;labelled.&lt;/SPAN&gt;&lt;/P&gt;&lt;/DIV&gt;&lt;/DIV&gt;&lt;/DIV&gt;</summary></tool><dataIdInfo><idCitation><resTitle>Display imperviousness from Flora Catchments</resTitle></idCitation><idAbs>&lt;DIV STYLE="text-align:Left;"&gt;&lt;DIV&gt;&lt;DIV&gt;&lt;P&gt;&lt;SPAN&gt;Display catchments from FLORA with impervious&lt;/SPAN&gt;&lt;SPAN&gt;ness&lt;/SPAN&gt;&lt;SPAN&gt;labelled.&lt;/SPAN&gt;&lt;/P&gt;&lt;/DIV&gt;&lt;/DIV&gt;&lt;/DIV&gt;</idAbs><idCredit>Made by Emil Nielsen
E-mail: enielsen93@hotmail.com</idCredit><searchKeys><keyword>arcgis</keyword><keyword>mikeurban</keyword></searchKeys></dataIdInfo><distInfo><distributor><distorFormat><formatName>ArcToolbox Tool</formatName></distorFormat></distributor></distInfo><mdHrLv><ScopeCd value="005"/></mdHrLv></metadata>
