<?xml version="1.0" encoding="UTF-8"?>
<metadata xml:lang="da"><Esri><CreaDate>20180619</CreaDate><CreaTime>08453500</CreaTime><ArcGISFormat>1.0</ArcGISFormat><SyncOnce>TRUE</SyncOnce><ModDate>20180626</ModDate><ModTime>153044</ModTime></Esri><toolbox name="GetTerrainElevation" alias="Get Terrain Elevation of Points"><arcToolboxHelpPath>c:\program files (x86)\arcgis\desktop10.3\Help\gp</arcToolboxHelpPath><toolsets/></toolbox><dataIdInfo><idCitation><resTitle>GetTerrainElevation</resTitle></idCitation></dataIdInfo><distInfo><distributor><distorFormat><formatName>ArcToolbox Toolbox</formatName></distorFormat></distributor></distInfo></metadata>
