<?xml version="1.0" encoding="UTF-8"?>
<metadata xml:lang="da"><Esri><CreaDate>20180618</CreaDate><CreaTime>08351500</CreaTime><ArcGISFormat>1.0</ArcGISFormat><SyncOnce>TRUE</SyncOnce><DataProperties><lineage><Process ToolSource="c:\program files (x86)\arcgis\desktop10.3\ArcToolbox\Toolboxes\Data Management Tools.tbx\CalculateField" Date="20180606" Time="110517">CalculateField ForbrugUTM3 forbrug 0 VB #</Process></lineage><itemProps><itemLocation><linkage Sync="TRUE">file://\\file04\appl\Hydrauliske modeller\Makroer &amp; Beregningsark\FAS2Deloplande\Data\ForbrugUTMCopy</linkage><protocol Sync="TRUE">Local Area Network</protocol></itemLocation></itemProps><copyHistory><copy source="K:\Hydrauliske modeller\Makroer &amp; Beregningsark\FAS2Deloplande\Data\ForbrugUTM" dest="\\file04\appl\Hydrauliske modeller\Makroer &amp; Beregningsark\FAS2Deloplande\Data\ForbrugUTMCopy" date="20180618" time="08320700"></copy></copyHistory></DataProperties></Esri></metadata>
