<metadata xml:lang="da"><Esri><CreaDate>20191111</CreaDate><CreaTime>08142200</CreaTime><ArcGISFormat>1.0</ArcGISFormat><SyncOnce>FALSE</SyncOnce><ModDate>20191111</ModDate><ModTime>08160600</ModTime><scaleRange><minScale>150000000</minScale><maxScale>5000</maxScale></scaleRange><ArcGISProfile>ItemDescription</ArcGISProfile><MapLyrSync>TRUE</MapLyrSync><DataProperties><itemProps><itemName Sync="TRUE">MOUSE Links Elevation Error.lyr</itemName><imsContentType Sync="TRUE">005</imsContentType></itemProps></DataProperties><SyncDate>20191111</SyncDate><SyncTime>08160600</SyncTime></Esri><dataIdInfo><idCitation><resTitle>Ledninger med koteforskel ift. brønd</resTitle><presForm><PresFormCd value="005" Sync="TRUE"></PresFormCd></presForm></idCitation><idPurp>Show Pipes with Errornous Elevation

A pipe is displayed if the elevation of its inlet or outlet is below the bottom elevation of the manhole it's connected to. 
</idPurp><idCredit>Made by Emil Nielsen
E-mail: enielsen93@hotmail.com</idCredit><searchKeys><keyword>arcgis</keyword></searchKeys><envirDesc Sync="TRUE">Microsoft Windows 7 Version 6.1 (Build 7601) Service Pack 1; Esri ArcGIS 10.3.1.4959</envirDesc><dataLang><languageCode value="dan" Sync="TRUE"></languageCode><countryCode value="DNK" Sync="TRUE"></countryCode></dataLang></dataIdInfo><mdHrLv><ScopeCd value="005"></ScopeCd></mdHrLv><mdLang><languageCode value="dan" Sync="TRUE"></languageCode><countryCode value="DNK" Sync="TRUE"></countryCode></mdLang><distInfo><distFormat><formatName Sync="TRUE">Layer</formatName></distFormat></distInfo><mdHrLvName Sync="TRUE">dataset</mdHrLvName><mdDateSt Sync="TRUE">20191111</mdDateSt></metadata>
